timestamp,temperature,current,tension,rotation,label
1764761513234,45.34,5.34,229.33,1496,normal
1764761514234,43.33,5.27,230.95,1514,normal
1764761515234,42.65,3.65,227.22,1507,normal
1764761516234,43.68,3.89,230.39,1504,normal
1764761517234,41.2,3.73,230.59,1475,normal
1764761518234,46.3,4.19,229.62,1520,normal
1764761519234,41.32,4.61,230.65,1486,normal
1764761520234,40.55,4.04,230.46,1495,normal
1764761521234,54.29,7.15,229.95,1602,degradation
1764761522234,49.88,4.05,230.95,1508,normal
1764761523234,82.03,8.94,225.2,1569,failure
1764761524234,45.99,4.78,231.33,1523,normal
1764761525234,48.97,4.44,229.2,1494,normal
1764761526234,46.71,4.22,232.12,1476,normal
1764761527234,50.25,5.0,229.98,1499,normal
1764761528234,44.65,4.64,229.84,1526,normal
1764761529234,67.39,8.3,223.07,1612,failure
1764761530234,44.18,4.27,228.88,1483,normal
1764761531234,41.97,4.36,228.37,1547,normal
1764761532234,59.82,6.22,226.2,1575,degradation
1764761533234,43.41,3.88,231.36,1480,normal
1764761534234,44.84,4.16,230.17,1515,normal
1764761535234,62.36,7.04,228.27,1518,degradation
1764761536234,38.07,4.88,229.25,1503,normal
1764761537234,43.52,4.08,229.34,1487,normal
1764761538234,58.59,6.02,227.05,1558,degradation
1764761539234,44.2,4.61,229.48,1494,normal
1764761540234,41.83,4.9,230.06,1521,normal
1764761541234,47.61,4.72,229.83,1497,normal
1764761542234,53.58,6.42,226.04,1532,degradation
1764761543234,47.97,5.2,230.86,1484,normal
1764761544234,77.63,10.95,217.84,1639,failure
1764761545234,41.37,5.07,229.57,1496,normal
1764761546234,42.7,4.82,229.17,1534,normal
1764761547234,48.04,4.1,230.43,1498,normal
1764761548234,82.08,10.11,219.1,1616,failure
1764761549234,53.69,6.21,227.76,1563,degradation
1764761550234,60.02,6.62,230.7,1533,degradation
1764761551234,43.97,4.22,229.39,1540,normal
1764761552234,47.91,4.41,230.24,1489,normal
1764761553234,62.69,7.28,228.68,1556,degradation
1764761554234,38.75,4.35,230.09,1477,normal
1764761555234,47.44,4.04,229.17,1508,normal
1764761556234,49.9,4.49,229.31,1516,normal
1764761557234,46.0,4.69,230.04,1513,normal
1764761558234,45.52,3.44,232.6,1476,normal
1764761559234,47.34,4.97,230.58,1507,normal
1764761560234,47.44,4.57,229.23,1511,normal
1764761561234,40.48,4.24,229.9,1476,normal
1764761562234,41.21,4.12,230.44,1467,normal
1764761563234,46.09,4.86,232.0,1505,normal
1764761564234,51.32,4.07,229.76,1508,normal
1764761565234,40.18,3.66,230.22,1504,normal
1764761566234,43.75,5.09,231.65,1514,normal
1764761567234,60.44,5.79,227.85,1538,degradation
1764761568234,57.62,5.7,228.93,1523,degradation
1764761569234,54.99,7.58,230.81,1562,degradation
1764761570234,59.32,7.3,229.0,1518,degradation
1764761571234,45.53,4.83,229.96,1491,normal
1764761572234,60.17,6.7,229.39,1563,degradation
1764761573234,44.96,3.18,229.51,1482,normal
1764761574234,67.7,7.69,217.84,1610,failure
1764761575234,46.77,4.85,231.68,1491,normal
1764761576234,44.97,4.5,230.55,1563,normal
1764761577234,58.46,5.86,227.69,1578,degradation
1764761578234,45.33,4.12,229.38,1507,normal
1764761579234,49.36,4.3,228.89,1507,normal
1764761580234,46.9,5.19,229.45,1495,normal
1764761581234,43.18,4.75,230.0,1513,normal
1764761582234,51.18,4.79,229.73,1507,normal
1764761583234,43.09,4.71,229.37,1504,normal
1764761584234,52.73,6.42,226.27,1530,degradation
1764761585234,51.32,3.87,230.54,1497,normal
1764761586234,46.9,4.42,232.25,1513,normal
1764761587234,76.34,10.28,219.57,1600,failure
1764761588234,69.95,10.76,220.56,1563,failure
1764761589234,59.21,6.04,229.91,1522,degradation
1764761590234,67.42,9.99,217.13,1591,failure
1764761591234,40.83,3.99,231.77,1491,normal
1764761592234,81.65,10.76,214.33,1616,failure
1764761593234,60.0,4.99,226.96,1574,degradation
1764761594234,46.33,5.61,228.81,1474,normal
1764761595234,56.8,7.22,230.54,1536,degradation
1764761596234,57.67,6.59,225.11,1550,degradation
1764761597234,42.45,4.98,228.26,1486,normal
1764761598234,60.89,7.21,226.15,1531,degradation
1764761599234,54.17,5.95,223.92,1553,degradation
1764761600234,45.65,5.54,230.69,1496,normal
1764761601234,49.11,3.82,229.48,1486,normal
1764761602234,45.51,4.75,229.82,1494,normal
1764761603234,45.75,4.24,230.16,1493,normal
1764761604234,55.63,6.83,228.79,1574,degradation
1764761605234,42.35,4.74,229.63,1510,normal
1764761606234,45.96,4.56,231.0,1526,normal
1764761607234,43.07,5.12,229.37,1504,normal
1764761608234,46.11,4.36,230.56,1501,normal
1764761609234,45.89,4.88,229.22,1496,normal
1764761610234,60.68,4.9,226.59,1552,degradation
1764761611234,39.83,5.39,231.94,1489,normal
1764761612234,45.83,4.84,229.44,1496,normal
1764761613234,41.95,3.72,231.31,1522,normal
1764761614234,74.4,8.97,214.33,1633,failure
1764761615234,57.81,6.95,227.36,1532,degradation
1764761616234,71.99,10.53,223.8,1600,failure
1764761617234,70.97,8.6,219.4,1645,failure
1764761618234,45.78,4.59,228.99,1487,normal
1764761619234,46.29,4.44,230.75,1511,normal
1764761620234,51.47,7.25,227.28,1522,degradation
1764761621234,42.02,5.07,230.95,1497,normal
1764761622234,45.94,4.38,229.96,1501,normal
1764761623234,44.09,4.22,228.09,1454,normal
1764761624234,46.46,4.73,228.06,1518,normal
1764761625234,42.48,4.99,231.21,1497,normal
1764761626234,58.01,6.07,227.29,1532,degradation
1764761627234,51.13,5.34,230.14,1498,normal
1764761628234,58.69,6.43,229.95,1524,degradation
1764761629234,54.86,6.72,228.46,1549,degradation
1764761630234,59.01,6.68,230.76,1567,degradation
1764761631234,47.81,4.42,230.29,1495,normal
1764761632234,40.53,4.13,231.52,1450,normal
1764761633234,40.99,4.85,228.88,1494,normal
1764761634234,40.84,4.31,231.54,1510,normal
1764761635234,75.59,8.16,216.92,1593,failure
1764761636234,44.66,4.52,229.67,1520,normal
1764761637234,48.48,4.65,229.65,1520,normal
1764761638234,43.28,4.4,230.09,1500,normal
1764761639234,49.24,4.65,229.0,1521,normal
1764761640234,41.84,4.65,230.06,1489,normal
1764761641234,44.78,5.09,230.03,1491,normal
1764761642234,40.42,4.29,231.63,1503,normal
1764761643234,44.1,4.99,231.21,1495,normal
1764761644234,78.69,8.8,223.03,1627,failure
1764761645234,42.27,4.64,230.93,1494,normal
1764761646234,43.68,4.57,230.46,1489,normal
1764761647234,62.98,6.62,227.45,1573,degradation
1764761648234,46.14,4.23,232.18,1484,normal
1764761649234,60.47,6.53,224.99,1566,degradation
1764761650234,72.92,9.36,220.91,1629,failure
1764761651234,57.26,5.35,229.17,1553,degradation
1764761652234,45.07,4.83,230.0,1513,normal
1764761653234,47.01,4.46,231.2,1519,normal
1764761654234,48.31,5.17,229.44,1510,normal
1764761655234,76.12,9.01,218.54,1565,failure
1764761656234,57.14,5.91,229.2,1533,degradation
1764761657234,38.76,5.36,230.08,1523,normal
1764761658234,48.51,3.94,230.39,1501,normal
1764761659234,47.88,4.13,228.99,1521,normal
1764761660234,45.43,4.52,229.34,1505,normal
1764761661234,45.27,4.31,229.65,1449,normal
1764761662234,81.88,10.52,221.79,1616,failure
1764761663234,45.76,4.45,228.42,1458,normal
1764761664234,45.2,3.82,229.68,1500,normal
1764761665234,56.78,7.13,230.6,1547,degradation
1764761666234,63.0,7.16,226.98,1515,degradation
1764761667234,75.55,7.1,220.18,1672,failure
1764761668234,62.1,5.2,225.3,1540,degradation
1764761669234,80.23,8.95,219.05,1614,failure
1764761670234,68.32,7.2,231.8,1547,degradation
1764761671234,43.26,3.99,228.13,1497,normal
1764761672234,80.78,9.97,220.88,1588,failure
1764761673234,43.58,4.47,229.51,1503,normal
1764761674234,46.68,5.57,230.17,1496,normal
1764761675234,65.28,6.9,228.59,1538,degradation
1764761676234,41.9,3.96,228.39,1498,normal
1764761677234,48.26,4.09,231.2,1464,normal
1764761678234,47.81,4.75,228.15,1483,normal
1764761679234,47.83,5.19,230.31,1522,normal
1764761680234,47.38,4.31,230.1,1487,normal
1764761681234,81.44,9.6,221.97,1611,failure
1764761682234,45.63,4.72,231.38,1497,normal
1764761683234,51.24,4.63,229.52,1497,normal
1764761684234,59.38,6.83,227.42,1549,degradation
1764761685234,44.83,4.08,230.24,1500,normal
1764761686234,54.04,7.09,231.72,1542,degradation
1764761687234,69.58,9.01,214.95,1627,failure
1764761688234,48.36,4.46,230.52,1493,normal
1764761689234,59.21,6.95,228.54,1571,degradation
1764761690234,47.98,4.56,229.1,1505,normal
1764761691234,48.73,7.61,226.54,1542,degradation
1764761692234,43.17,4.6,232.1,1486,normal
1764761693234,55.1,8.13,226.8,1565,degradation
1764761694234,57.09,6.12,226.25,1504,degradation
1764761695234,49.25,5.06,230.2,1515,normal
1764761696234,56.71,6.41,229.36,1517,degradation
1764761697234,63.98,6.47,229.93,1552,degradation
1764761698234,45.56,4.26,229.26,1486,normal
1764761699234,61.75,7.47,225.16,1540,degradation
1764761700234,37.16,4.3,229.96,1499,normal
1764761701234,46.29,2.83,229.61,1489,normal
1764761702234,48.43,4.88,228.96,1518,normal
1764761703234,42.81,4.63,229.66,1499,normal
1764761704234,52.63,7.49,230.75,1558,degradation
1764761705234,52.15,6.05,230.16,1554,degradation
1764761706234,41.65,4.14,229.08,1485,normal
1764761707234,76.31,9.7,219.23,1627,failure
1764761708234,47.94,4.1,229.09,1494,normal
1764761709234,40.65,4.42,230.64,1483,normal
1764761710234,58.77,6.42,225.86,1539,degradation
1764761711234,76.04,9.13,218.91,1604,failure
1764761712234,45.25,3.56,230.91,1511,normal
1764761713234,45.95,4.62,230.65,1493,normal
1764761714234,81.18,10.61,223.58,1596,failure
1764761715234,75.02,8.61,214.64,1585,failure
1764761716234,42.44,4.66,230.84,1498,normal
1764761717234,43.6,4.57,230.15,1512,normal
1764761718234,45.89,4.47,228.11,1486,normal
1764761719234,45.04,4.49,230.47,1527,normal
1764761720234,65.5,7.2,227.25,1574,degradation
1764761721234,63.3,6.88,226.81,1568,degradation
1764761722234,57.85,6.36,229.43,1545,degradation
1764761723234,46.22,5.02,231.9,1500,normal
1764761724234,46.46,4.96,229.76,1517,normal
1764761725234,45.57,4.68,229.95,1491,normal
1764761726234,73.09,11.25,220.64,1647,failure
1764761727234,48.57,4.24,230.39,1476,normal
1764761728234,41.31,3.61,229.87,1481,normal
1764761729234,69.34,8.07,220.19,1657,failure
1764761730234,59.09,6.36,225.23,1562,degradation
1764761731234,48.28,4.03,230.78,1536,normal
1764761732234,78.08,8.77,221.09,1648,failure
1764761733234,63.24,4.79,230.92,1582,degradation
1764761734234,41.79,4.43,229.14,1516,normal
1764761735234,44.53,3.45,229.22,1486,normal
1764761736234,44.17,5.22,228.04,1496,normal
1764761737234,78.89,9.12,219.57,1620,failure
1764761738234,54.51,7.41,232.09,1586,degradation
1764761739234,56.28,6.05,227.75,1568,degradation
1764761740234,62.04,6.29,227.75,1575,degradation
1764761741234,44.49,4.05,230.32,1514,normal
1764761742234,80.29,8.76,216.27,1610,failure
1764761743234,58.8,6.8,228.74,1570,degradation
1764761744234,62.93,8.11,228.3,1532,degradation
1764761745234,56.03,7.65,228.31,1528,degradation
1764761746234,77.83,10.4,215.7,1618,failure
1764761747234,46.0,4.69,230.82,1471,normal
1764761748234,57.03,6.84,226.35,1522,degradation
1764761749234,57.95,6.52,228.86,1500,degradation
1764761750234,74.66,9.17,220.18,1632,failure
1764761751234,58.28,7.05,231.9,1528,degradation
1764761752234,44.23,5.06,228.36,1497,normal
1764761753234,60.45,5.74,228.99,1510,degradation
1764761754234,59.23,5.04,228.06,1544,degradation
1764761755234,54.19,6.65,230.64,1544,degradation
1764761756234,43.96,4.4,229.95,1533,normal
1764761757234,49.79,4.76,229.9,1517,normal
1764761758234,47.43,4.94,230.48,1500,normal
1764761759234,56.79,6.81,228.03,1556,degradation
1764761760234,39.58,4.98,229.44,1433,normal
1764761761234,67.88,6.71,221.24,1661,failure
1764761762234,38.36,5.07,228.98,1484,normal
1764761763234,68.99,9.7,214.9,1623,failure
1764761764234,45.94,4.08,229.41,1516,normal
1764761765234,55.07,6.71,227.26,1516,degradation
1764761766234,56.0,7.26,230.95,1564,degradation
1764761767234,55.64,5.73,227.72,1573,degradation
1764761768234,47.99,4.56,228.53,1484,normal
1764761769234,48.38,5.55,230.3,1500,normal
1764761770234,57.55,7.33,229.51,1531,degradation
1764761771234,52.12,4.39,229.98,1472,normal
1764761772234,49.53,4.03,229.74,1525,normal
1764761773234,41.06,4.26,229.88,1516,normal
1764761774234,67.87,11.26,220.01,1645,failure
1764761775234,74.44,8.87,217.33,1607,failure
1764761776234,43.4,3.73,228.9,1526,normal
1764761777234,69.14,8.95,214.57,1618,failure
1764761778234,43.89,4.72,230.92,1517,normal
1764761779234,45.54,4.33,230.56,1488,normal
1764761780234,45.52,4.56,230.97,1511,normal
1764761781234,44.62,4.39,228.77,1511,normal
1764761782234,45.96,3.76,229.44,1496,normal
1764761783234,44.3,4.26,230.59,1505,normal
1764761784234,54.22,7.18,229.65,1598,degradation
1764761785234,48.04,5.91,231.37,1484,normal
1764761786234,45.95,4.62,229.08,1515,normal
1764761787234,45.61,5.27,230.95,1487,normal
1764761788234,47.58,4.21,229.91,1488,normal
1764761789234,43.92,4.89,229.18,1494,normal
1764761790234,54.54,6.42,226.65,1534,degradation
1764761791234,42.86,4.92,230.98,1496,normal
1764761792234,47.67,4.05,231.27,1506,normal
1764761793234,48.99,4.77,231.86,1491,normal
1764761794234,38.51,5.16,230.78,1479,normal
1764761795234,44.75,4.11,228.35,1499,normal
1764761796234,73.97,10.29,217.37,1631,failure
1764761797234,56.81,6.48,224.8,1540,degradation
1764761798234,48.1,4.23,229.19,1511,normal
1764761799234,48.83,5.23,228.79,1501,normal
1764761800234,56.64,5.42,229.42,1537,degradation
1764761801234,56.55,6.94,229.74,1581,degradation
1764761802234,55.06,5.5,223.37,1538,degradation
1764761803234,41.84,3.63,228.67,1502,normal
1764761804234,43.55,4.18,230.18,1498,normal
1764761805234,41.13,4.39,231.35,1526,normal
1764761806234,42.69,4.76,230.29,1504,normal
1764761807234,45.74,4.51,227.87,1524,normal
1764761808234,47.22,4.92,230.38,1495,normal
1764761809234,47.22,4.04,230.04,1507,normal
1764761810234,41.2,5.04,231.42,1510,normal
1764761811234,48.3,3.81,230.33,1478,normal
1764761812234,43.66,4.46,230.29,1482,normal
1764761813234,45.19,4.43,228.83,1484,normal
1764761814234,71.52,9.45,215.76,1604,failure
1764761815234,58.66,6.38,230.22,1520,degradation
1764761816234,55.63,5.55,231.44,1556,degradation
1764761817234,45.31,4.78,230.77,1519,normal
1764761818234,54.3,5.94,228.29,1539,degradation
1764761819234,60.04,6.85,229.06,1543,degradation
1764761820234,46.29,3.87,229.81,1448,normal
1764761821234,42.07,4.1,230.75,1485,normal
1764761822234,47.85,4.7,229.58,1506,normal
1764761823234,57.85,5.41,227.68,1504,degradation
1764761824234,78.18,9.08,218.74,1622,failure
1764761825234,57.37,6.5,226.83,1554,degradation
1764761826234,75.57,10.25,218.94,1645,failure
1764761827234,53.02,5.63,227.95,1539,degradation
1764761828234,43.78,4.02,229.94,1504,normal
1764761829234,43.4,4.67,229.88,1493,normal
1764761830234,44.43,4.03,229.85,1525,normal
1764761831234,51.18,6.37,223.9,1495,degradation
1764761832234,68.55,8.82,218.85,1604,failure
1764761833234,57.42,6.95,230.26,1560,degradation
1764761834234,43.84,4.86,227.89,1491,normal
1764761835234,41.41,3.48,228.7,1478,normal
1764761836234,46.43,4.32,228.53,1507,normal
1764761837234,45.52,4.24,231.78,1511,normal
1764761838234,46.31,5.05,230.69,1528,normal
1764761839234,79.8,9.09,219.36,1654,failure
1764761840234,44.58,4.31,230.58,1475,normal
1764761841234,71.42,8.04,225.55,1601,failure
1764761842234,72.07,8.23,222.24,1621,failure
1764761843234,58.1,6.94,229.31,1489,degradation
1764761844234,72.55,8.37,221.78,1605,failure
1764761845234,48.44,4.24,230.27,1497,normal
1764761846234,72.72,7.92,216.92,1614,failure
1764761847234,46.36,4.54,230.66,1556,normal
1764761848234,44.27,4.55,230.73,1462,normal
1764761849234,58.89,7.57,228.55,1566,degradation
1764761850234,44.78,4.08,230.28,1477,normal
1764761851234,81.1,8.66,219.97,1636,failure
1764761852234,61.51,6.16,225.78,1537,degradation
1764761853234,45.13,4.02,227.61,1492,normal
1764761854234,66.41,6.11,234.65,1580,degradation
1764761855234,43.77,4.11,232.22,1493,normal
1764761856234,54.61,6.03,228.4,1535,degradation
1764761857234,43.49,3.79,230.42,1525,normal
1764761858234,46.61,4.11,229.5,1514,normal
1764761859234,72.48,9.7,217.77,1652,failure
1764761860234,51.72,6.85,228.33,1552,degradation
1764761861234,65.75,6.62,230.51,1541,degradation
1764761862234,54.05,6.6,226.44,1542,degradation
1764761863234,50.85,4.74,228.51,1494,normal
1764761864234,81.29,9.54,221.96,1612,failure
1764761865234,74.38,8.12,220.36,1578,failure
1764761866234,46.46,5.19,231.65,1505,normal
1764761867234,63.63,4.57,228.14,1536,degradation
1764761868234,44.32,4.79,230.73,1504,normal
1764761869234,43.28,4.44,231.23,1474,normal
1764761870234,42.27,4.68,230.38,1517,normal
1764761871234,86.06,8.0,216.94,1545,failure
1764761872234,41.46,3.92,229.49,1519,normal
1764761873234,59.68,7.02,225.67,1573,degradation
1764761874234,51.52,6.19,227.9,1555,degradation
1764761875234,42.28,3.76,230.02,1484,normal
1764761876234,77.31,10.11,219.21,1593,failure
1764761877234,57.74,5.78,226.93,1516,degradation
1764761878234,40.95,4.94,229.86,1493,normal
1764761879234,64.08,7.89,227.4,1529,degradation
1764761880234,44.15,4.35,230.61,1500,normal
1764761881234,71.15,7.33,219.94,1676,failure
1764761882234,64.3,9.3,218.44,1617,failure
1764761883234,41.4,3.24,229.7,1519,normal
1764761884234,78.08,9.54,223.23,1636,failure
1764761885234,44.66,3.36,229.25,1494,normal
1764761886234,61.23,6.71,228.29,1479,degradation
1764761887234,46.59,4.5,230.29,1463,normal
1764761888234,44.65,4.42,229.86,1503,normal
1764761889234,85.12,7.28,214.98,1643,failure
1764761890234,49.79,4.49,231.44,1509,normal
1764761891234,40.35,4.46,230.22,1493,normal
1764761892234,42.69,4.93,232.19,1506,normal
1764761893234,59.46,6.41,232.84,1574,degradation
1764761894234,78.68,9.54,222.78,1622,failure
1764761895234,68.32,7.85,218.6,1592,failure
1764761896234,43.5,4.67,230.73,1535,normal
1764761897234,58.23,5.54,228.85,1554,degradation
1764761898234,47.77,5.27,231.05,1518,normal
1764761899234,58.25,6.73,227.31,1555,degradation
1764761900234,55.17,7.0,228.89,1544,degradation
1764761901234,44.52,4.02,230.51,1489,normal
1764761902234,48.93,4.17,231.3,1493,normal
1764761903234,79.91,9.0,224.52,1596,failure
1764761904234,47.74,4.25,228.86,1486,normal
1764761905234,44.11,5.42,229.46,1520,normal
1764761906234,46.3,4.09,230.22,1517,normal
1764761907234,49.06,4.16,229.37,1513,normal
1764761908234,50.54,4.05,229.73,1537,normal
1764761909234,64.84,6.41,232.24,1549,degradation
1764761910234,41.52,4.49,231.37,1509,normal
1764761911234,74.22,9.85,217.5,1621,failure
1764761912234,37.19,5.42,231.27,1469,normal
1764761913234,74.04,9.37,217.96,1632,failure
1764761914234,62.15,5.61,224.62,1536,degradation
1764761915234,45.08,4.44,231.11,1509,normal
1764761916234,41.57,4.52,229.96,1459,normal
1764761917234,58.15,5.92,227.29,1568,degradation
1764761918234,46.13,5.03,229.59,1533,normal
1764761919234,60.58,6.55,230.07,1527,degradation
1764761920234,42.95,4.36,230.71,1511,normal
1764761921234,50.8,5.84,227.85,1569,degradation
1764761922234,46.75,4.52,229.98,1500,normal
1764761923234,49.99,5.92,232.71,1516,degradation
1764761924234,46.14,4.12,231.0,1500,normal
1764761925234,46.98,4.32,232.27,1492,normal
1764761926234,46.66,5.03,229.97,1476,normal
1764761927234,44.7,4.28,229.29,1486,normal
1764761928234,45.79,5.24,230.4,1480,normal
1764761929234,64.32,6.42,227.32,1521,degradation
1764761930234,42.47,4.2,229.02,1474,normal
1764761931234,42.02,4.39,229.76,1522,normal
1764761932234,50.97,4.34,229.04,1498,normal
1764761933234,58.77,6.11,226.8,1574,degradation
1764761934234,44.01,3.82,229.64,1505,normal
1764761935234,55.95,7.53,226.0,1603,degradation
1764761936234,54.38,6.24,225.98,1531,degradation
1764761937234,44.33,3.81,231.57,1514,normal
1764761938234,43.31,4.72,231.19,1504,normal
1764761939234,50.3,4.94,229.76,1476,normal
1764761940234,42.09,4.33,229.53,1511,normal
1764761941234,49.14,4.38,230.67,1497,normal
1764761942234,41.79,4.69,228.28,1507,normal
1764761943234,42.74,5.12,229.47,1518,normal
1764761944234,57.78,6.7,231.55,1549,degradation
1764761945234,65.64,7.14,225.91,1570,degradation
1764761946234,46.05,4.44,231.13,1501,normal
1764761947234,45.86,4.29,229.39,1505,normal
1764761948234,47.76,6.77,226.49,1579,degradation
1764761949234,47.26,4.62,230.23,1504,normal
1764761950234,64.64,5.74,230.09,1558,degradation
1764761951234,41.48,4.77,229.14,1497,normal
1764761952234,48.5,4.49,229.44,1481,normal
1764761953234,60.75,5.7,228.63,1557,degradation
1764761954234,77.06,9.66,218.96,1562,failure
1764761955234,47.95,5.28,230.78,1483,normal
1764761956234,39.8,5.26,231.16,1527,normal
1764761957234,59.43,7.16,228.68,1540,degradation
1764761958234,49.79,5.37,230.55,1516,normal
1764761959234,44.57,4.46,229.59,1528,normal
1764761960234,63.47,10.7,216.56,1634,failure
1764761961234,54.25,5.3,229.34,1555,degradation
1764761962234,80.47,9.08,222.51,1652,failure
1764761963234,51.83,6.8,226.93,1496,degradation
1764761964234,43.58,3.89,229.37,1505,normal
1764761965234,43.97,4.95,230.95,1483,normal
1764761966234,45.71,4.93,228.52,1513,normal
1764761967234,46.48,4.34,229.15,1484,normal
1764761968234,58.17,7.42,229.22,1560,degradation
1764761969234,40.46,5.43,231.37,1495,normal
1764761970234,60.41,7.1,225.99,1520,degradation
1764761971234,78.02,10.47,223.33,1540,failure
1764761972234,41.95,4.4,230.39,1467,normal
1764761973234,39.74,3.63,230.52,1526,normal
1764761974234,65.02,6.31,225.46,1523,degradation
1764761975234,46.98,4.69,229.6,1474,normal
1764761976234,47.87,4.55,231.11,1530,normal
1764761977234,41.1,5.15,228.93,1487,normal
1764761978234,44.76,4.5,228.2,1532,normal
1764761979234,40.91,4.52,231.3,1515,normal
1764761980234,45.36,4.46,229.35,1508,normal
1764761981234,80.03,9.06,223.75,1626,failure
1764761982234,77.59,9.8,221.59,1647,failure
1764761983234,43.01,4.37,228.78,1469,normal
1764761984234,44.0,4.12,231.46,1503,normal
1764761985234,57.93,6.68,229.2,1513,degradation
1764761986234,42.69,4.1,228.32,1466,normal
1764761987234,61.3,5.5,231.39,1555,degradation
1764761988234,47.4,3.99,230.48,1543,normal
1764761989234,43.85,4.61,230.73,1509,normal
1764761990234,51.21,5.37,230.74,1488,normal
1764761991234,47.04,3.31,230.48,1495,normal
1764761992234,74.49,8.53,214.95,1640,failure
1764761993234,44.11,5.42,229.83,1499,normal
1764761994234,47.36,3.87,230.71,1517,normal
1764761995234,50.03,4.19,228.24,1489,normal
1764761996234,49.91,7.31,228.05,1518,degradation
1764761997234,69.21,7.2,221.72,1602,failure
1764761998234,70.77,9.57,219.41,1628,failure
1764761999234,53.22,6.74,226.77,1548,degradation
1764762000234,63.39,6.27,232.43,1591,degradation
1764762001234,43.46,4.62,231.33,1475,normal
1764762002234,58.24,6.84,229.85,1535,degradation
1764762003234,44.25,4.44,228.85,1513,normal
1764762004234,73.85,9.04,225.16,1652,failure
1764762005234,45.88,4.51,232.06,1507,normal
1764762006234,43.96,4.09,231.25,1513,normal
1764762007234,44.7,3.49,229.65,1521,normal
1764762008234,57.03,5.85,228.98,1582,degradation
1764762009234,45.93,5.05,230.44,1479,normal
1764762010234,46.94,4.7,230.93,1497,normal
1764762011234,58.1,5.39,228.88,1556,degradation
1764762012234,60.71,6.83,226.35,1532,degradation
1764762013234,44.19,4.67,230.69,1515,normal
1764762014234,49.54,4.36,231.05,1493,normal
1764762015234,48.89,6.92,224.78,1527,degradation
1764762016234,56.36,7.01,227.36,1583,degradation
1764762017234,39.18,3.94,230.27,1491,normal
1764762018234,60.91,6.75,225.61,1597,degradation
1764762019234,74.13,8.85,221.01,1627,failure
1764762020234,51.97,6.48,228.75,1531,degradation
1764762021234,50.09,3.45,230.6,1503,normal
1764762022234,55.89,6.34,227.56,1542,degradation
1764762023234,62.28,7.05,228.29,1548,degradation
1764762024234,80.37,9.65,221.8,1614,failure
1764762025234,47.32,3.81,230.35,1493,normal
1764762026234,58.08,6.46,227.82,1509,degradation
1764762027234,46.71,5.1,228.21,1504,normal
1764762028234,48.55,4.46,229.25,1494,normal
1764762029234,56.36,6.54,230.63,1521,degradation
1764762030234,63.57,6.54,230.44,1524,degradation
1764762031234,60.44,6.15,224.73,1584,degradation
1764762032234,42.57,4.37,231.69,1527,normal
1764762033234,43.06,5.16,231.47,1485,normal
1764762034234,43.28,3.9,230.11,1484,normal
1764762035234,79.55,9.6,220.32,1577,failure
1764762036234,59.95,6.32,226.4,1555,degradation
1764762037234,51.99,3.86,229.63,1467,normal
1764762038234,81.91,9.12,217.11,1624,failure
1764762039234,46.16,4.36,230.05,1496,normal
1764762040234,48.73,4.1,229.39,1553,normal
1764762041234,49.33,5.27,230.06,1486,normal
1764762042234,62.37,5.86,229.37,1520,degradation
1764762043234,63.09,7.75,230.8,1532,degradation
1764762044234,40.86,4.55,228.59,1498,normal
1764762045234,42.91,4.22,229.66,1524,normal
1764762046234,44.05,4.72,231.55,1519,normal
1764762047234,76.81,8.78,226.76,1606,failure
1764762048234,46.65,4.11,228.84,1491,normal
1764762049234,57.34,6.89,227.38,1594,degradation
1764762050234,47.64,4.31,229.72,1472,normal
1764762051234,40.06,4.13,228.27,1509,normal
1764762052234,45.94,4.55,230.26,1485,normal
1764762053234,42.65,4.96,229.56,1493,normal
1764762054234,48.44,4.2,229.42,1460,normal
1764762055234,45.28,4.19,229.62,1507,normal
1764762056234,39.8,4.24,229.52,1527,normal
1764762057234,48.04,4.44,229.46,1499,normal
1764762058234,47.59,4.45,229.07,1523,normal
1764762059234,46.48,5.01,228.4,1494,normal
1764762060234,44.52,4.43,229.08,1506,normal
1764762061234,75.1,8.27,223.68,1665,failure
1764762062234,48.8,4.56,228.3,1497,normal
1764762063234,47.42,4.22,230.24,1497,normal
1764762064234,81.3,7.41,224.09,1647,failure
1764762065234,42.7,4.65,229.8,1521,normal
1764762066234,46.06,3.35,229.71,1525,normal
1764762067234,48.15,4.4,230.21,1485,normal
1764762068234,60.01,5.78,225.68,1556,degradation
1764762069234,64.56,6.86,232.29,1544,degradation
1764762070234,52.21,6.66,230.41,1590,degradation
1764762071234,58.98,6.57,229.37,1517,degradation
1764762072234,45.2,4.12,229.67,1549,normal
1764762073234,45.0,4.97,229.28,1492,normal
1764762074234,44.44,4.24,230.11,1493,normal
1764762075234,46.9,4.78,233.42,1536,normal
1764762076234,81.75,8.23,225.52,1669,failure
1764762077234,44.72,5.07,230.32,1523,normal
1764762078234,43.09,4.71,230.32,1519,normal
1764762079234,45.84,4.47,230.4,1483,normal
1764762080234,58.81,6.83,225.07,1506,degradation
1764762081234,43.21,4.31,228.6,1481,normal
1764762082234,61.36,5.79,228.63,1534,degradation
1764762083234,43.79,4.51,230.89,1485,normal
1764762084234,77.51,10.56,222.08,1609,failure
1764762085234,67.63,8.21,218.95,1606,failure
1764762086234,47.68,5.06,230.03,1517,normal
1764762087234,61.23,7.25,227.93,1556,degradation
1764762088234,62.28,7.51,222.7,1577,degradation
1764762089234,41.65,3.46,228.49,1479,normal
1764762090234,43.31,4.17,230.45,1490,normal
1764762091234,42.02,5.25,228.17,1531,normal
1764762092234,66.2,7.28,225.57,1610,degradation
1764762093234,58.01,7.73,231.85,1527,degradation
1764762094234,39.04,4.75,230.99,1494,normal
1764762095234,46.18,3.62,230.68,1505,normal
1764762096234,70.46,11.7,222.24,1626,failure
1764762097234,43.26,4.8,228.17,1497,normal
1764762098234,80.56,9.0,220.78,1629,failure
1764762099234,52.68,6.29,230.0,1577,degradation
1764762100234,47.42,4.07,228.96,1502,normal
1764762101234,80.42,9.36,220.14,1578,failure
1764762102234,43.01,4.16,229.98,1460,normal
1764762103234,55.18,7.6,230.24,1555,degradation
1764762104234,46.05,4.66,228.03,1487,normal
1764762105234,46.18,5.12,231.09,1494,normal
1764762106234,46.88,4.07,231.25,1500,normal
1764762107234,46.35,5.46,227.42,1568,degradation
1764762108234,73.02,7.78,221.72,1625,failure
1764762109234,58.14,6.55,228.93,1565,degradation
1764762110234,41.84,4.83,231.17,1517,normal
1764762111234,41.31,3.16,230.27,1489,normal
1764762112234,56.51,6.55,230.21,1523,degradation
1764762113234,58.67,6.45,227.21,1534,degradation
1764762114234,59.34,5.57,226.83,1578,degradation
1764762115234,50.58,3.84,228.39,1464,normal
1764762116234,54.71,5.74,227.4,1579,degradation
1764762117234,72.63,8.99,219.43,1590,failure
1764762118234,42.02,5.08,229.87,1493,normal
1764762119234,46.59,5.07,228.88,1474,normal
1764762120234,70.45,7.93,218.96,1620,failure
1764762121234,74.92,9.19,225.0,1627,failure
1764762122234,61.59,6.56,228.29,1561,degradation
1764762123234,61.09,6.61,228.29,1514,degradation
1764762124234,46.69,5.73,229.52,1498,normal
1764762125234,50.27,5.49,229.84,1492,normal
1764762126234,48.59,4.79,229.9,1508,normal
1764762127234,42.17,5.13,229.48,1490,normal
1764762128234,44.61,4.35,231.52,1539,normal
1764762129234,47.35,4.84,228.24,1472,normal
1764762130234,60.93,6.14,227.88,1569,degradation
1764762131234,48.96,4.77,230.14,1505,normal
1764762132234,47.08,4.69,231.18,1489,normal
1764762133234,79.31,8.58,220.56,1624,failure
1764762134234,59.85,6.52,225.35,1573,degradation
1764762135234,46.37,4.26,231.56,1507,normal
1764762136234,61.98,7.06,223.43,1509,degradation
1764762137234,44.52,4.27,230.02,1518,normal
1764762138234,46.36,4.54,230.87,1562,normal
1764762139234,55.42,5.9,226.2,1563,degradation
1764762140234,44.69,5.04,230.16,1475,normal
1764762141234,47.14,4.57,229.64,1472,normal
1764762142234,48.21,4.51,228.9,1503,normal
1764762143234,42.55,4.96,228.89,1499,normal
1764762144234,46.53,7.4,228.31,1523,degradation
1764762145234,49.66,5.57,232.44,1507,degradation
1764762146234,44.35,4.23,229.78,1459,normal
1764762147234,47.38,4.56,229.85,1469,normal
1764762148234,72.63,9.32,218.43,1584,failure
1764762149234,60.67,5.73,228.55,1537,degradation
1764762150234,38.83,3.9,230.1,1508,normal
1764762151234,67.48,7.64,227.35,1514,degradation
1764762152234,81.55,9.46,214.91,1603,failure
1764762153234,42.77,4.27,230.25,1515,normal
1764762154234,59.86,6.92,231.06,1586,degradation
1764762155234,56.67,6.86,227.81,1551,degradation
1764762156234,64.96,9.44,222.16,1676,failure
1764762157234,73.43,8.68,221.43,1684,failure
1764762158234,66.14,7.65,225.61,1553,degradation
1764762159234,39.58,4.03,231.16,1500,normal
1764762160234,47.65,4.31,228.81,1475,normal
1764762161234,44.46,4.67,230.55,1472,normal
1764762162234,48.81,4.84,229.45,1508,normal
1764762163234,42.66,3.97,229.58,1442,normal
1764762164234,48.83,3.45,230.46,1487,normal
1764762165234,39.95,5.13,229.1,1513,normal
1764762166234,64.08,6.69,227.65,1563,degradation
1764762167234,37.84,3.72,229.65,1490,normal
1764762168234,76.57,10.52,220.15,1630,failure
1764762169234,48.17,5.08,230.85,1494,normal
1764762170234,56.8,6.14,225.41,1548,degradation
1764762171234,73.37,8.45,215.5,1647,failure
1764762172234,73.26,7.99,219.22,1628,failure
1764762173234,54.08,5.75,225.68,1495,degradation
1764762174234,48.65,4.79,231.32,1523,normal
1764762175234,82.22,10.63,213.16,1618,failure
1764762176234,63.57,7.6,228.36,1511,degradation
1764762177234,70.97,6.71,220.92,1629,failure
1764762178234,43.86,4.68,230.28,1549,normal
1764762179234,75.96,8.1,214.76,1594,failure
1764762180234,43.0,4.38,230.87,1492,normal
1764762181234,60.46,6.13,230.56,1564,degradation
1764762182234,58.55,5.26,227.53,1555,degradation
1764762183234,79.69,11.07,215.0,1633,failure
1764762184234,42.17,4.41,229.85,1527,normal
1764762185234,87.6,8.53,222.33,1607,failure
1764762186234,48.74,4.68,229.21,1490,normal
1764762187234,49.97,6.5,226.95,1548,degradation
1764762188234,44.37,5.24,229.45,1538,normal
1764762189234,45.65,4.58,231.26,1482,normal
1764762190234,39.95,3.75,230.55,1456,normal
1764762191234,52.25,5.14,230.58,1504,normal
1764762192234,40.9,3.61,230.86,1503,normal
1764762193234,78.42,10.48,217.35,1624,failure
1764762194234,51.4,6.67,225.86,1562,degradation
1764762195234,47.6,5.46,230.31,1501,normal
1764762196234,71.79,8.98,221.46,1653,failure
1764762197234,52.5,6.2,226.98,1559,degradation
1764762198234,47.6,5.9,230.3,1498,normal
1764762199234,51.42,6.73,225.73,1479,degradation
1764762200234,70.15,8.85,220.86,1587,failure
1764762201234,57.03,6.95,225.45,1561,degradation
1764762202234,47.2,3.23,231.46,1506,normal
1764762203234,46.23,4.09,229.42,1490,normal
1764762204234,65.29,9.5,217.16,1650,failure
1764762205234,39.69,5.2,231.25,1499,normal
1764762206234,37.85,5.26,231.29,1502,normal
1764762207234,45.55,4.64,228.48,1477,normal
1764762208234,45.45,5.06,229.18,1499,normal
1764762209234,59.19,5.93,227.89,1587,degradation
1764762210234,41.72,4.86,229.79,1504,normal
1764762211234,53.63,6.34,228.11,1533,degradation
1764762212234,57.01,5.31,227.7,1528,degradation
1764762213234,49.25,4.25,230.43,1527,normal
1764762214234,45.71,4.39,232.39,1489,normal
1764762215234,42.1,4.59,229.27,1489,normal
1764762216234,64.24,12.45,217.57,1564,failure
1764762217234,60.88,5.68,230.0,1549,degradation
1764762218234,42.56,4.66,227.91,1512,normal
1764762219234,62.08,6.37,230.4,1524,degradation
1764762220234,57.0,6.95,228.31,1520,degradation
1764762221234,42.84,4.56,228.76,1481,normal
1764762222234,44.2,4.43,227.92,1508,normal
1764762223234,59.65,5.98,226.55,1579,degradation
1764762224234,43.4,4.75,229.4,1478,normal
1764762225234,47.43,4.38,231.69,1492,normal
1764762226234,44.75,5.56,229.95,1523,normal
1764762227234,52.78,6.98,230.93,1539,degradation
1764762228234,44.19,3.89,230.48,1513,normal
1764762229234,42.53,4.88,229.93,1497,normal
1764762230234,56.93,6.5,228.97,1561,degradation
1764762231234,71.69,10.34,216.71,1651,failure
1764762232234,51.78,6.07,229.08,1580,degradation
1764762233234,71.82,9.28,219.19,1584,failure
1764762234234,62.95,6.53,227.33,1558,degradation
1764762235234,43.97,4.23,230.07,1493,normal
1764762236234,50.67,4.2,228.9,1507,normal
1764762237234,62.52,6.47,229.98,1547,degradation
1764762238234,60.63,7.0,228.22,1514,degradation
1764762239234,43.49,4.96,229.59,1531,normal
1764762240234,61.22,6.22,228.85,1543,degradation
1764762241234,66.46,6.37,228.19,1522,degradation
1764762242234,43.22,3.87,228.92,1500,normal
1764762243234,41.77,4.69,228.88,1506,normal
1764762244234,42.17,4.39,230.74,1499,normal
1764762245234,39.04,5.49,230.1,1511,normal
1764762246234,79.49,8.09,216.43,1632,failure
1764762247234,46.42,3.88,229.7,1515,normal
1764762248234,43.08,4.75,231.18,1458,normal
1764762249234,43.81,4.05,229.62,1469,normal
1764762250234,42.06,4.28,230.81,1504,normal
1764762251234,57.66,5.19,232.53,1547,degradation
1764762252234,60.08,5.95,230.34,1541,degradation
1764762253234,61.62,7.08,226.72,1567,degradation
1764762254234,74.44,10.17,221.97,1673,failure
1764762255234,47.47,4.91,229.97,1471,normal
1764762256234,60.67,7.24,230.19,1539,degradation
1764762257234,40.05,4.78,229.09,1519,normal
1764762258234,39.23,4.36,231.28,1525,normal
1764762259234,56.04,6.85,224.69,1553,degradation
1764762260234,78.81,7.45,217.77,1608,failure
1764762261234,61.26,6.65,228.1,1550,degradation
1764762262234,36.57,4.36,229.82,1511,normal
1764762263234,44.12,4.32,230.27,1490,normal
1764762264234,59.22,7.21,225.0,1544,degradation
1764762265234,60.06,5.18,229.07,1563,degradation
1764762266234,80.83,7.56,218.46,1586,failure
1764762267234,69.23,9.28,219.5,1634,failure
1764762268234,44.2,4.55,229.35,1492,normal
1764762269234,42.36,3.76,229.13,1523,normal
1764762270234,43.62,4.19,230.53,1491,normal
1764762271234,43.44,5.18,230.42,1503,normal
1764762272234,57.15,7.73,228.03,1561,degradation
1764762273234,43.3,4.69,231.05,1498,normal
1764762274234,39.72,3.72,231.12,1538,normal
1764762275234,37.84,5.45,229.49,1481,normal
1764762276234,47.97,3.31,229.53,1498,normal
1764762277234,60.31,4.94,225.17,1567,degradation
1764762278234,57.1,5.34,226.3,1553,degradation
1764762279234,56.99,7.74,229.55,1572,degradation
1764762280234,46.13,5.11,229.3,1537,normal
1764762281234,43.44,5.8,229.38,1536,normal
1764762282234,48.62,3.95,230.87,1518,normal
1764762283234,61.91,6.99,225.53,1532,degradation
1764762284234,41.12,3.72,230.91,1535,normal
1764762285234,56.94,6.19,227.03,1542,degradation
1764762286234,57.08,6.86,226.51,1517,degradation
1764762287234,38.65,3.98,228.4,1492,normal
1764762288234,58.83,5.76,230.12,1525,degradation
1764762289234,55.8,5.49,225.79,1552,degradation
1764762290234,68.47,9.79,221.23,1616,failure
1764762291234,45.73,4.67,229.69,1489,normal
1764762292234,48.15,4.16,230.16,1508,normal
1764762293234,52.99,5.82,225.97,1546,degradation
1764762294234,49.51,4.64,230.39,1538,normal
1764762295234,68.06,8.38,218.78,1614,failure
1764762296234,46.53,3.44,228.27,1493,normal
1764762297234,46.24,4.34,231.41,1520,normal
1764762298234,83.28,8.6,217.16,1623,failure
1764762299234,49.52,5.43,230.37,1531,normal
1764762300234,60.25,6.47,225.33,1511,degradation
1764762301234,60.28,6.28,230.11,1533,degradation
1764762302234,45.19,4.84,229.81,1497,normal
1764762303234,43.26,3.98,231.37,1479,normal
1764762304234,47.82,4.63,229.53,1521,normal
1764762305234,55.78,6.3,227.48,1530,degradation
1764762306234,80.67,8.55,216.47,1603,failure
1764762307234,42.26,4.72,229.17,1476,normal
1764762308234,46.64,5.19,230.6,1496,normal
1764762309234,40.58,4.66,230.82,1493,normal
1764762310234,50.94,6.75,230.83,1537,degradation
1764762311234,67.21,8.01,219.52,1580,failure
1764762312234,43.6,4.18,227.28,1517,normal
1764762313234,49.79,4.44,229.93,1502,normal
1764762314234,46.82,4.0,230.57,1494,normal
1764762315234,82.69,8.91,221.04,1616,failure
1764762316234,58.1,6.98,224.13,1557,degradation
1764762317234,48.86,4.38,228.89,1500,normal
1764762318234,44.49,4.59,229.03,1490,normal
1764762319234,80.15,6.77,223.86,1600,failure
1764762320234,71.76,8.29,221.11,1665,failure
1764762321234,56.12,6.54,226.48,1581,degradation
1764762322234,63.04,5.9,228.98,1580,degradation
1764762323234,42.86,4.5,231.05,1489,normal
1764762324234,46.32,4.5,231.29,1538,normal
1764762325234,42.73,4.91,228.89,1492,normal
1764762326234,48.6,5.12,228.99,1496,normal
1764762327234,57.41,5.69,227.61,1569,degradation
1764762328234,42.38,4.68,231.09,1502,normal
1764762329234,44.39,4.07,228.84,1489,normal
1764762330234,55.08,5.81,224.96,1526,degradation
1764762331234,46.29,4.88,228.87,1539,normal
1764762332234,79.59,7.44,220.07,1602,failure
1764762333234,45.37,4.08,230.13,1489,normal
1764762334234,87.55,10.79,222.07,1586,failure
1764762335234,70.08,6.23,212.57,1595,failure
1764762336234,41.96,4.89,230.85,1535,normal
1764762337234,57.93,5.14,226.63,1579,degradation
1764762338234,77.47,11.14,216.01,1614,failure
1764762339234,61.74,6.14,230.11,1549,degradation
1764762340234,59.83,7.42,226.65,1562,degradation
1764762341234,42.14,4.31,230.61,1492,normal
1764762342234,46.99,4.71,232.21,1528,normal
1764762343234,72.6,9.19,222.99,1613,failure
1764762344234,45.55,4.96,230.06,1479,normal
1764762345234,44.56,4.95,229.09,1494,normal
1764762346234,43.08,3.66,229.17,1490,normal
1764762347234,45.43,4.65,230.51,1453,normal
1764762348234,42.15,4.68,229.46,1483,normal
1764762349234,47.17,4.32,229.75,1461,normal
1764762350234,46.68,3.77,229.61,1496,normal
1764762351234,50.99,5.29,230.08,1515,normal
1764762352234,73.42,10.49,216.17,1585,failure
1764762353234,48.7,3.55,229.72,1486,normal
1764762354234,43.63,5.0,229.31,1496,normal
1764762355234,45.02,5.0,230.03,1483,normal
1764762356234,60.29,6.41,230.07,1567,degradation
1764762357234,44.38,5.0,231.84,1498,normal
1764762358234,42.16,4.34,230.29,1507,normal
1764762359234,46.74,4.74,231.02,1541,normal
1764762360234,41.42,3.73,230.59,1534,normal
1764762361234,60.77,6.05,227.67,1586,degradation
1764762362234,47.21,4.85,229.6,1499,normal
1764762363234,46.41,5.23,230.49,1466,normal
1764762364234,55.08,6.53,226.7,1564,degradation
1764762365234,56.49,5.74,227.38,1569,degradation
1764762366234,70.89,6.72,221.89,1550,failure
1764762367234,42.81,3.38,230.43,1511,normal
1764762368234,55.21,6.48,227.25,1501,degradation
1764762369234,55.8,5.98,227.63,1505,degradation
1764762370234,52.39,4.18,230.41,1538,normal
1764762371234,78.42,9.67,220.5,1671,failure
1764762372234,74.88,9.98,222.54,1638,failure
1764762373234,45.87,3.99,229.47,1491,normal
1764762374234,74.09,9.55,215.39,1639,failure
1764762375234,48.4,3.95,229.85,1522,normal
1764762376234,40.42,4.25,232.46,1521,normal
1764762377234,60.64,6.19,228.9,1544,degradation
1764762378234,42.19,4.18,229.64,1487,normal
1764762379234,39.74,4.84,228.71,1501,normal
1764762380234,53.18,6.02,229.17,1531,degradation
1764762381234,72.79,9.48,215.94,1637,failure
1764762382234,43.92,4.72,229.83,1497,normal
1764762383234,56.12,6.25,231.07,1560,degradation
1764762384234,58.27,6.05,225.92,1566,degradation
1764762385234,49.53,4.95,229.99,1472,normal
1764762386234,45.41,5.17,230.31,1527,normal
1764762387234,51.11,3.76,228.52,1536,normal
1764762388234,50.3,4.65,230.22,1497,normal
1764762389234,51.47,6.71,227.12,1551,degradation
1764762390234,58.76,6.31,225.35,1573,degradation
1764762391234,46.94,3.74,231.55,1506,normal
1764762392234,49.92,4.86,231.27,1482,normal
1764762393234,74.95,5.9,221.85,1581,failure
1764762394234,48.83,3.74,229.74,1477,normal
1764762395234,56.4,6.55,229.15,1544,degradation
1764762396234,62.79,6.39,230.3,1547,degradation
1764762397234,57.24,6.18,231.12,1517,degradation
1764762398234,47.41,3.88,230.19,1489,normal
1764762399234,47.56,4.64,229.83,1494,normal
1764762400234,52.02,6.67,222.34,1562,degradation
1764762401234,43.75,4.88,229.2,1488,normal
1764762402234,40.34,4.43,230.32,1545,normal
1764762403234,55.5,7.0,233.75,1581,degradation
1764762404234,65.13,5.28,228.67,1555,degradation
1764762405234,43.32,4.41,229.83,1524,normal
1764762406234,45.14,4.98,230.27,1490,normal
1764762407234,78.64,9.87,222.38,1597,failure
1764762408234,74.93,9.23,221.84,1578,failure
1764762409234,57.85,6.37,227.29,1556,degradation
1764762410234,43.02,3.65,228.92,1493,normal
1764762411234,43.52,4.74,228.66,1512,normal
1764762412234,73.28,9.11,213.65,1601,failure
1764762413234,89.17,7.93,225.72,1591,failure
1764762414234,48.0,4.78,228.44,1503,normal
1764762415234,42.02,3.64,229.23,1536,normal
1764762416234,46.92,4.96,230.13,1510,normal
1764762417234,47.98,4.41,230.42,1511,normal
1764762418234,45.78,4.07,227.68,1499,normal
1764762419234,46.61,4.83,228.37,1491,normal
1764762420234,45.96,5.23,230.85,1489,normal
1764762421234,56.85,7.15,228.56,1512,degradation
1764762422234,56.03,5.93,224.7,1582,degradation
1764762423234,57.41,5.31,225.48,1498,degradation
1764762424234,44.67,4.91,230.64,1489,normal
1764762425234,40.89,4.24,229.09,1501,normal
1764762426234,45.47,3.81,227.49,1504,normal
1764762427234,59.35,6.0,229.97,1551,degradation
1764762428234,52.5,6.51,229.52,1539,degradation
1764762429234,41.79,4.95,229.57,1495,normal
1764762430234,55.66,5.66,226.69,1518,degradation
1764762431234,62.38,6.79,227.1,1488,degradation
1764762432234,40.7,4.71,230.13,1482,normal
1764762433234,65.51,6.48,231.12,1513,degradation
1764762434234,71.48,8.4,220.77,1638,failure
1764762435234,43.05,4.94,231.55,1475,normal
1764762436234,41.76,5.0,229.23,1465,normal
1764762437234,58.7,6.12,229.24,1555,degradation
1764762438234,55.79,6.44,224.59,1529,degradation
1764762439234,40.62,4.9,230.21,1516,normal
1764762440234,70.02,9.85,219.94,1620,failure
1764762441234,60.28,6.14,225.07,1562,degradation
1764762442234,46.24,4.53,229.63,1527,normal
1764762443234,42.94,3.26,229.33,1493,normal
1764762444234,61.86,5.11,227.52,1523,degradation
1764762445234,57.78,6.24,229.9,1549,degradation
1764762446234,43.16,4.78,229.75,1489,normal
1764762447234,60.87,5.9,227.13,1529,degradation
1764762448234,63.37,6.97,228.81,1556,degradation
1764762449234,64.47,8.56,219.14,1617,failure
1764762450234,60.59,6.63,226.81,1599,degradation
1764762451234,62.32,6.41,231.28,1501,degradation
1764762452234,53.36,6.24,228.27,1547,degradation
1764762453234,42.37,3.95,231.48,1502,normal
1764762454234,44.41,4.64,231.23,1536,normal
1764762455234,66.89,5.54,227.12,1566,degradation
1764762456234,63.45,6.39,226.7,1543,degradation
1764762457234,58.32,6.77,228.93,1572,degradation
1764762458234,80.64,8.13,216.34,1635,failure
1764762459234,40.6,5.16,231.01,1514,normal
1764762460234,46.05,5.96,230.44,1507,normal
1764762461234,46.92,4.12,232.1,1520,normal
1764762462234,44.81,3.79,228.1,1493,normal
1764762463234,79.18,9.52,224.17,1687,failure
1764762464234,49.7,3.61,229.43,1508,normal
1764762465234,46.13,4.89,231.01,1568,normal
1764762466234,45.21,3.8,230.82,1475,normal
1764762467234,47.34,4.0,228.7,1539,normal
1764762468234,43.06,4.12,230.76,1500,normal
1764762469234,46.99,3.77,230.79,1505,normal
1764762470234,38.54,4.9,229.24,1500,normal
1764762471234,59.18,6.0,230.92,1548,degradation
1764762472234,52.61,4.07,230.03,1510,normal
1764762473234,59.58,6.14,227.04,1554,degradation
1764762474234,50.81,3.48,230.85,1536,normal
1764762475234,42.53,4.27,230.37,1464,normal
1764762476234,49.23,4.77,231.54,1479,normal
1764762477234,49.13,4.42,229.34,1529,normal
1764762478234,51.85,5.01,224.54,1586,degradation
1764762479234,44.19,4.0,231.51,1477,normal
1764762480234,44.09,4.64,228.65,1471,normal
1764762481234,46.63,4.67,228.86,1528,normal
1764762482234,43.83,4.93,231.58,1534,normal
1764762483234,38.04,4.5,232.02,1476,normal
1764762484234,47.92,3.83,229.93,1507,normal
1764762485234,57.89,7.04,227.13,1524,degradation
1764762486234,43.69,3.88,229.94,1474,normal
1764762487234,56.44,6.29,228.72,1527,degradation
1764762488234,45.43,5.21,230.53,1499,normal
1764762489234,42.85,3.59,227.87,1504,normal
1764762490234,57.72,8.41,229.69,1566,degradation
1764762491234,45.52,5.01,229.54,1490,normal
1764762492234,60.29,6.95,226.52,1544,degradation
1764762493234,60.12,6.95,224.22,1552,degradation
1764762494234,45.65,4.53,228.81,1492,normal
1764762495234,40.52,5.14,230.05,1491,normal
1764762496234,72.21,8.77,217.2,1644,failure
1764762497234,40.62,5.7,231.44,1499,normal
1764762498234,46.94,3.96,231.55,1531,normal
1764762499234,39.1,4.42,231.51,1512,normal
1764762500234,44.13,4.74,230.64,1486,normal
1764762501234,56.9,6.32,225.55,1573,degradation
1764762502234,73.08,7.57,221.87,1584,failure
1764762503234,58.52,6.04,230.03,1523,degradation
1764762504234,59.66,5.86,227.98,1549,degradation
1764762505234,74.43,11.16,220.91,1551,failure
1764762506234,48.34,4.04,230.68,1509,normal
1764762507234,60.58,8.42,216.94,1617,failure
1764762508234,54.57,6.22,227.57,1572,degradation
1764762509234,41.94,5.42,229.8,1503,normal
1764762510234,76.83,7.69,223.27,1588,failure
1764762511234,75.82,8.04,215.37,1625,failure
1764762512234,74.44,8.7,220.75,1570,failure
1764762513234,79.33,8.45,222.1,1587,failure
1764762514234,81.62,10.42,221.4,1618,failure
1764762515234,45.75,3.76,229.49,1527,normal
1764762516234,62.22,6.87,225.0,1513,degradation
1764762517234,75.76,7.58,219.57,1612,failure
1764762518234,45.4,4.07,230.85,1472,normal
1764762519234,85.72,9.69,218.46,1629,failure
1764762520234,54.26,6.82,227.63,1586,degradation
1764762521234,42.89,5.02,230.64,1484,normal
1764762522234,42.85,4.18,229.17,1508,normal
1764762523234,44.69,4.61,231.19,1503,normal
1764762524234,44.4,5.14,230.08,1535,normal
1764762525234,36.87,4.16,228.82,1505,normal
1764762526234,46.18,4.39,230.69,1501,normal
1764762527234,75.14,10.25,220.99,1609,failure
1764762528234,44.1,5.11,231.44,1512,normal
1764762529234,43.49,3.72,230.8,1483,normal
1764762530234,54.86,5.93,226.71,1566,degradation
1764762531234,44.65,4.61,230.31,1502,normal
1764762532234,46.88,4.72,230.41,1451,normal
1764762533234,47.51,3.81,230.17,1510,normal
1764762534234,44.33,4.32,228.57,1517,normal
1764762535234,42.22,4.78,231.33,1521,normal
1764762536234,41.91,4.55,231.03,1506,normal
1764762537234,41.49,4.79,230.1,1520,normal
1764762538234,40.36,4.96,230.69,1527,normal
1764762539234,65.46,6.43,230.94,1507,degradation
1764762540234,46.5,4.24,230.43,1510,normal
1764762541234,73.62,7.5,213.85,1666,failure
1764762542234,41.96,4.48,229.21,1499,normal
1764762543234,45.26,4.62,229.59,1515,normal
1764762544234,58.88,5.28,228.02,1569,degradation
1764762545234,69.7,9.66,222.83,1602,failure
1764762546234,75.31,9.13,219.24,1594,failure
1764762547234,61.33,6.14,230.51,1545,degradation
1764762548234,53.85,6.47,229.2,1556,degradation
1764762549234,47.58,5.09,230.23,1493,normal
1764762550234,44.29,4.11,230.92,1499,normal
1764762551234,45.57,4.37,229.73,1489,normal
1764762552234,56.9,5.82,229.83,1570,degradation
1764762553234,58.26,7.89,229.41,1558,degradation
1764762554234,41.95,4.62,230.33,1505,normal
1764762555234,76.39,7.81,219.27,1586,failure
1764762556234,42.77,5.09,230.69,1497,normal
1764762557234,41.5,4.74,229.4,1508,normal
1764762558234,58.26,5.12,228.56,1530,degradation
1764762559234,40.8,5.1,228.54,1519,normal
1764762560234,73.26,8.67,221.06,1649,failure
1764762561234,46.39,4.89,228.59,1496,normal
1764762562234,48.8,4.43,231.34,1496,normal
1764762563234,69.09,9.23,220.1,1640,failure
1764762564234,44.93,4.62,228.97,1523,normal
1764762565234,41.05,5.25,229.37,1518,normal
1764762566234,43.62,4.04,231.82,1533,normal
1764762567234,49.41,4.84,230.51,1509,normal
1764762568234,54.49,6.81,227.21,1555,degradation
1764762569234,39.85,3.65,230.5,1485,normal
1764762570234,61.79,6.58,227.38,1575,degradation
1764762571234,43.26,4.48,229.99,1469,normal
1764762572234,44.56,5.34,229.51,1469,normal
1764762573234,51.2,6.15,225.85,1595,degradation
1764762574234,42.62,4.74,230.57,1497,normal
1764762575234,61.38,7.43,228.41,1551,degradation
1764762576234,76.55,9.54,216.68,1615,failure
1764762577234,46.36,4.29,230.61,1500,normal
1764762578234,46.69,4.23,229.09,1531,normal
1764762579234,45.02,4.11,230.38,1505,normal
1764762580234,77.93,10.73,224.07,1594,failure
1764762581234,54.32,7.01,229.14,1533,degradation
1764762582234,43.13,4.87,229.22,1537,normal
1764762583234,75.86,7.57,220.4,1626,failure
1764762584234,42.87,4.55,228.76,1454,normal
1764762585234,83.13,9.33,217.14,1688,failure
1764762586234,45.0,5.05,229.89,1469,normal
1764762587234,44.64,3.97,229.75,1492,normal
1764762588234,52.05,4.31,229.4,1463,normal
1764762589234,45.14,4.9,229.71,1470,normal
1764762590234,49.29,5.07,228.7,1507,normal
1764762591234,54.23,5.54,225.5,1552,degradation
1764762592234,49.32,6.96,230.97,1535,degradation
1764762593234,46.35,4.63,230.57,1492,normal
1764762594234,41.61,4.83,228.97,1489,normal
1764762595234,46.93,4.44,229.42,1485,normal
1764762596234,42.93,4.73,230.37,1473,normal
1764762597234,47.07,4.07,230.21,1491,normal
1764762598234,56.43,6.08,228.92,1612,degradation
1764762599234,44.06,4.46,231.38,1481,normal
1764762600234,61.12,5.97,229.02,1532,degradation
1764762601234,44.44,5.21,228.94,1529,normal
1764762602234,57.34,7.03,224.58,1551,degradation
1764762603234,38.73,3.78,230.95,1498,normal
1764762604234,54.38,6.92,228.12,1560,degradation
1764762605234,39.37,3.86,231.09,1533,normal
1764762606234,50.77,6.01,227.34,1549,degradation
1764762607234,47.17,4.86,228.05,1499,normal
1764762608234,43.65,4.45,229.36,1489,normal
1764762609234,41.98,4.49,229.72,1514,normal
1764762610234,45.94,5.14,231.44,1484,normal
1764762611234,44.94,5.2,230.57,1498,normal
1764762612234,63.37,6.79,229.5,1535,degradation
1764762613234,45.15,4.84,231.28,1501,normal
1764762614234,47.98,3.61,230.05,1483,normal
1764762615234,63.87,6.24,227.21,1559,degradation
1764762616234,59.77,7.05,230.68,1491,degradation
1764762617234,48.15,4.34,228.73,1494,normal
1764762618234,49.7,3.37,229.52,1563,normal
1764762619234,46.35,4.85,230.95,1500,normal
1764762620234,47.54,6.39,230.32,1538,degradation
1764762621234,45.64,4.43,229.21,1480,normal
1764762622234,41.75,4.2,229.93,1484,normal
1764762623234,46.43,4.22,229.79,1516,normal
1764762624234,56.57,7.07,226.59,1538,degradation
1764762625234,43.5,4.36,230.69,1490,normal
1764762626234,42.33,3.61,230.38,1478,normal
1764762627234,82.45,8.19,219.09,1589,failure
1764762628234,46.65,3.82,228.44,1519,normal
1764762629234,48.54,6.11,231.78,1581,degradation
1764762630234,74.53,10.27,221.34,1606,failure
1764762631234,49.53,4.22,231.39,1512,normal
1764762632234,45.03,3.53,230.55,1472,normal
1764762633234,44.34,4.46,230.03,1479,normal
1764762634234,47.29,3.94,230.34,1470,normal
1764762635234,39.89,5.17,230.19,1488,normal
1764762636234,75.63,8.48,219.16,1560,failure
1764762637234,49.49,7.29,224.57,1533,degradation
1764762638234,47.85,3.87,231.15,1491,normal
1764762639234,61.28,6.77,231.05,1550,degradation
1764762640234,45.07,4.33,230.43,1498,normal
1764762641234,42.38,4.83,229.48,1482,normal
1764762642234,41.34,4.2,229.17,1490,normal
1764762643234,44.54,4.47,230.7,1509,normal
1764762644234,47.15,3.71,230.45,1488,normal
1764762645234,45.82,5.15,229.56,1504,normal
1764762646234,39.83,4.27,230.37,1500,normal
1764762647234,48.23,4.63,231.44,1476,normal
1764762648234,46.79,4.75,228.46,1507,normal
1764762649234,43.34,4.39,228.43,1498,normal
1764762650234,73.59,9.9,219.56,1645,failure
1764762651234,41.75,5.04,231.57,1514,normal
1764762652234,55.27,7.14,228.23,1559,degradation
1764762653234,63.15,4.83,231.21,1553,degradation
1764762654234,70.65,9.44,221.78,1648,failure
1764762655234,71.06,8.27,220.0,1579,failure
1764762656234,58.58,6.28,229.23,1580,degradation
1764762657234,42.73,4.55,229.0,1515,normal
1764762658234,45.44,4.99,229.67,1485,normal
1764762659234,49.87,5.36,229.23,1482,normal
1764762660234,42.62,4.16,230.69,1510,normal
1764762661234,57.93,7.11,232.22,1518,degradation
1764762662234,86.12,8.56,220.15,1635,failure
1764762663234,74.55,8.02,221.98,1623,failure
1764762664234,58.29,6.51,228.95,1495,degradation
1764762665234,65.5,6.26,229.62,1546,degradation
1764762666234,43.74,3.68,229.03,1498,normal
1764762667234,59.97,7.17,227.46,1537,degradation
1764762668234,50.3,3.62,229.65,1457,normal
1764762669234,43.67,4.14,232.27,1494,normal
1764762670234,44.56,4.02,231.77,1493,normal
1764762671234,41.06,4.47,228.57,1500,normal
1764762672234,47.99,4.42,230.94,1511,normal
1764762673234,45.04,4.25,231.13,1500,normal
1764762674234,49.58,4.16,229.12,1496,normal
1764762675234,47.85,5.24,229.47,1552,normal
1764762676234,56.38,5.58,227.36,1541,degradation
1764762677234,52.04,3.97,228.72,1516,normal
1764762678234,54.23,6.77,231.18,1561,degradation
1764762679234,80.3,10.09,221.27,1621,failure
1764762680234,75.84,9.03,222.1,1627,failure
1764762681234,43.14,4.34,230.34,1495,normal
1764762682234,78.04,7.81,220.08,1613,failure
1764762683234,43.67,3.93,227.53,1520,normal
1764762684234,59.96,6.91,230.07,1556,degradation
1764762685234,46.58,4.71,231.3,1506,normal
1764762686234,47.81,5.12,231.8,1490,normal
1764762687234,48.73,3.33,228.07,1489,normal
1764762688234,49.88,3.85,230.32,1465,normal
1764762689234,77.45,9.73,223.64,1607,failure
1764762690234,45.38,4.5,229.94,1521,normal
1764762691234,43.68,3.87,228.83,1497,normal
1764762692234,57.68,6.19,230.36,1539,degradation
1764762693234,73.89,8.04,224.18,1617,failure
1764762694234,61.01,6.81,226.25,1552,degradation
1764762695234,50.29,4.82,230.48,1506,normal
1764762696234,45.0,5.08,230.07,1515,normal
1764762697234,83.06,10.1,216.39,1598,failure
1764762698234,49.82,4.89,230.81,1517,normal
1764762699234,43.91,4.13,230.11,1497,normal
1764762700234,75.05,8.98,221.03,1628,failure
1764762701234,47.22,4.67,230.55,1493,normal
1764762702234,52.43,6.6,227.14,1568,degradation
1764762703234,48.5,4.74,230.18,1487,normal
1764762704234,47.37,4.59,229.82,1514,normal
1764762705234,43.83,3.47,231.17,1524,normal
1764762706234,78.38,8.48,222.64,1636,failure
1764762707234,44.98,4.92,229.12,1485,normal
1764762708234,48.82,4.33,228.19,1502,normal
1764762709234,58.17,6.84,229.98,1537,degradation
1764762710234,57.72,5.05,224.45,1547,degradation
1764762711234,72.84,10.13,221.55,1697,failure
1764762712234,43.64,3.71,230.52,1506,normal
1764762713234,76.87,9.79,219.36,1639,failure
1764762714234,41.89,4.4,230.63,1493,normal
1764762715234,39.32,3.86,231.18,1514,normal
1764762716234,49.88,4.67,228.24,1475,normal
1764762717234,48.02,4.35,230.15,1505,normal
1764762718234,40.57,4.94,228.45,1520,normal
1764762719234,51.66,6.79,223.83,1565,degradation
1764762720234,46.58,4.04,229.17,1476,normal
1764762721234,61.82,6.11,230.09,1512,degradation
1764762722234,53.14,5.48,228.74,1495,normal
1764762723234,47.02,4.01,228.85,1528,normal
1764762724234,79.09,7.72,221.24,1595,failure
1764762725234,44.32,4.49,229.18,1526,normal
1764762726234,43.41,5.08,230.69,1451,normal
1764762727234,55.04,6.64,227.64,1541,degradation
1764762728234,74.49,7.77,223.84,1625,failure
1764762729234,48.02,4.88,230.95,1498,normal
1764762730234,80.55,8.2,220.08,1622,failure
1764762731234,72.45,8.97,214.91,1644,failure
1764762732234,78.22,8.42,220.13,1647,failure
1764762733234,43.93,4.05,228.86,1484,normal
1764762734234,60.52,6.56,226.61,1563,degradation
1764762735234,58.89,6.6,225.59,1580,degradation
1764762736234,45.55,4.27,229.44,1494,normal
1764762737234,71.81,7.21,222.41,1690,failure
1764762738234,45.82,4.28,230.59,1511,normal
1764762739234,47.19,3.65,229.35,1522,normal
1764762740234,47.26,5.22,227.9,1514,degradation
1764762741234,56.69,6.57,225.33,1573,degradation
1764762742234,42.97,4.63,229.47,1508,normal
1764762743234,61.89,6.66,231.66,1536,degradation
1764762744234,46.27,4.75,229.2,1498,normal
1764762745234,59.47,6.35,230.55,1535,degradation
1764762746234,47.5,3.7,228.54,1501,normal
1764762747234,61.92,5.73,228.23,1556,degradation
1764762748234,48.61,4.08,229.16,1508,normal
1764762749234,42.54,4.8,229.57,1518,normal
1764762750234,62.5,4.96,230.49,1533,degradation
1764762751234,44.92,4.65,230.26,1478,normal
1764762752234,38.96,4.63,231.17,1502,normal
1764762753234,43.63,4.14,230.15,1500,normal
1764762754234,81.27,9.97,221.82,1622,failure
1764762755234,43.4,4.76,231.03,1486,normal
1764762756234,42.32,4.32,229.23,1503,normal
1764762757234,84.52,10.1,224.53,1634,failure
1764762758234,69.35,8.1,220.61,1616,failure
1764762759234,41.26,4.61,229.9,1513,normal
1764762760234,44.27,4.23,228.94,1473,normal
1764762761234,68.7,6.86,223.68,1665,failure
1764762762234,77.64,9.3,218.6,1659,failure
1764762763234,43.57,5.44,229.72,1494,normal
1764762764234,47.37,4.01,230.59,1455,normal
1764762765234,74.59,8.57,223.73,1577,failure
1764762766234,46.09,4.75,229.56,1491,normal
1764762767234,48.18,4.12,229.52,1494,normal
1764762768234,44.45,4.13,229.28,1465,normal
1764762769234,58.24,7.09,225.94,1622,degradation
1764762770234,60.71,6.99,226.13,1532,degradation
1764762771234,60.19,6.59,230.5,1583,degradation
1764762772234,49.79,4.47,230.0,1460,normal
1764762773234,74.87,9.81,221.18,1655,failure
1764762774234,41.26,4.53,230.88,1497,normal
1764762775234,49.36,4.15,228.06,1523,normal
1764762776234,46.72,3.53,228.76,1483,normal
1764762777234,46.37,4.8,230.56,1512,normal
1764762778234,46.49,4.87,229.45,1476,normal
1764762779234,43.28,4.84,230.31,1475,normal
1764762780234,46.45,4.02,230.2,1536,normal
1764762781234,45.95,5.01,230.77,1528,normal
1764762782234,61.03,7.82,225.01,1575,degradation
1764762783234,50.9,6.69,227.34,1542,degradation
1764762784234,47.0,4.19,231.33,1497,normal
1764762785234,44.65,3.4,230.03,1534,normal
1764762786234,44.93,4.37,231.12,1477,normal
1764762787234,60.22,6.55,229.58,1543,degradation
1764762788234,43.12,5.4,230.32,1498,normal
1764762789234,47.25,4.72,231.0,1534,normal
1764762790234,40.71,4.73,230.21,1494,normal
1764762791234,42.32,4.38,228.67,1511,normal
1764762792234,72.48,8.65,216.36,1666,failure
1764762793234,69.59,5.89,228.39,1544,degradation
1764762794234,41.12,4.08,229.66,1485,normal
1764762795234,76.65,9.64,219.96,1569,failure
1764762796234,52.79,4.12,230.77,1512,normal
1764762797234,64.37,7.2,226.44,1584,degradation
1764762798234,60.53,6.58,231.1,1527,degradation
1764762799234,54.28,7.69,230.91,1530,degradation
1764762800234,47.4,4.15,229.79,1510,normal
1764762801234,74.57,7.54,226.74,1649,failure
1764762802234,46.71,3.88,229.09,1474,normal
1764762803234,45.93,3.62,228.93,1498,normal
1764762804234,74.52,10.15,223.88,1595,failure
1764762805234,53.81,5.2,230.92,1561,degradation
1764762806234,43.52,3.98,231.68,1501,normal
1764762807234,59.81,7.04,228.67,1541,degradation
1764762808234,47.28,4.82,230.48,1497,normal
1764762809234,61.36,6.62,227.85,1577,degradation
1764762810234,54.66,5.94,227.24,1533,degradation
1764762811234,57.74,5.94,230.33,1575,degradation
1764762812234,46.91,4.6,229.4,1510,normal
1764762813234,54.55,6.41,227.75,1540,degradation
1764762814234,83.76,9.49,218.44,1659,failure
1764762815234,45.39,3.65,229.36,1503,normal
1764762816234,57.53,6.48,226.46,1531,degradation
1764762817234,66.12,9.1,222.34,1667,failure
1764762818234,46.74,4.97,229.7,1473,normal
1764762819234,57.56,6.48,228.52,1536,degradation
1764762820234,45.62,3.38,231.31,1506,normal
1764762821234,78.41,8.56,217.07,1638,failure
1764762822234,58.4,7.92,230.87,1565,degradation
1764762823234,48.49,5.22,230.71,1473,normal
1764762824234,84.75,10.17,219.45,1641,failure
1764762825234,46.25,4.58,230.34,1491,normal
1764762826234,47.06,4.03,229.58,1530,normal
1764762827234,76.32,8.92,220.31,1632,failure
1764762828234,39.31,4.82,229.05,1498,normal
1764762829234,45.8,4.68,229.56,1475,normal
1764762830234,44.04,3.68,230.82,1545,normal
1764762831234,56.02,5.82,229.77,1546,degradation
1764762832234,45.1,5.43,227.48,1430,normal
1764762833234,42.99,5.12,229.37,1469,normal
1764762834234,72.63,7.71,220.64,1608,failure
1764762835234,54.32,6.47,230.56,1563,degradation
1764762836234,45.64,4.19,230.9,1492,normal
1764762837234,46.37,3.34,231.38,1515,normal
1764762838234,43.86,3.72,229.28,1513,normal
1764762839234,45.76,3.68,227.75,1508,normal
1764762840234,55.18,6.57,227.71,1565,degradation
1764762841234,48.13,4.5,229.23,1481,normal
1764762842234,43.08,5.01,230.62,1535,normal
1764762843234,59.2,6.36,228.15,1561,degradation
1764762844234,40.33,4.12,230.38,1525,normal
1764762845234,44.33,3.38,231.32,1524,normal
1764762846234,41.49,4.89,229.24,1501,normal
1764762847234,47.09,3.8,229.45,1486,normal
1764762848234,43.43,4.15,230.83,1507,normal
1764762849234,49.18,3.69,229.43,1527,normal
1764762850234,45.24,3.92,230.1,1520,normal
1764762851234,57.53,6.3,228.68,1562,degradation
1764762852234,55.15,7.25,226.24,1543,degradation
1764762853234,46.34,4.69,228.46,1479,normal
1764762854234,42.33,4.06,228.96,1507,normal
1764762855234,44.91,4.94,229.34,1490,normal
1764762856234,45.69,4.3,230.51,1512,normal
1764762857234,78.25,7.23,221.48,1590,failure
1764762858234,42.84,5.07,231.62,1521,normal
1764762859234,47.79,3.2,231.92,1530,normal
1764762860234,48.8,4.5,230.72,1496,normal
1764762861234,57.82,5.4,228.91,1539,degradation
1764762862234,64.43,5.66,226.7,1528,degradation
1764762863234,50.06,6.32,228.98,1514,degradation
1764762864234,74.12,8.92,221.99,1605,failure
1764762865234,53.62,7.06,227.6,1559,degradation
1764762866234,43.7,4.89,232.16,1478,normal
1764762867234,65.22,9.88,213.95,1617,failure
1764762868234,50.42,4.19,230.23,1492,normal
1764762869234,40.73,5.47,232.86,1511,normal
1764762870234,49.68,5.67,232.9,1465,normal
1764762871234,45.52,5.08,231.22,1472,normal
1764762872234,54.26,4.85,227.22,1573,degradation
1764762873234,53.14,6.37,229.73,1532,degradation
1764762874234,47.76,5.05,230.07,1486,normal
1764762875234,45.62,3.69,229.45,1500,normal
1764762876234,38.4,4.23,229.7,1513,normal
1764762877234,42.99,4.59,230.68,1495,normal
1764762878234,50.96,4.17,229.3,1492,normal
1764762879234,46.8,4.75,229.58,1485,normal
1764762880234,47.31,5.45,229.94,1505,normal
1764762881234,42.09,4.25,228.34,1521,normal
1764762882234,45.5,4.82,229.49,1510,normal
1764762883234,42.78,4.85,231.22,1492,normal
1764762884234,75.32,10.31,221.91,1675,failure
1764762885234,79.05,7.76,215.14,1609,failure
1764762886234,60.34,6.15,228.93,1536,degradation
1764762887234,75.97,9.11,222.05,1573,failure
1764762888234,39.95,4.28,231.19,1493,normal
1764762889234,41.13,4.11,229.7,1527,normal
1764762890234,54.02,6.5,229.89,1550,degradation
1764762891234,48.57,5.17,230.9,1496,normal
1764762892234,43.27,4.72,227.89,1548,normal
1764762893234,48.75,4.9,229.79,1488,normal
1764762894234,46.72,4.36,230.86,1504,normal
1764762895234,77.57,8.48,216.53,1664,failure
1764762896234,45.29,4.46,231.61,1520,normal
1764762897234,42.49,4.71,229.56,1530,normal
1764762898234,80.24,8.22,224.97,1580,failure
1764762899234,39.46,4.29,231.13,1507,normal
1764762900234,50.81,4.73,229.26,1484,normal
1764762901234,42.05,4.82,231.27,1509,normal
1764762902234,47.82,4.95,227.81,1496,normal
1764762903234,42.94,5.56,229.66,1495,normal
1764762904234,40.57,4.96,229.77,1487,normal
1764762905234,39.52,4.75,230.08,1521,normal
1764762906234,55.69,5.91,227.82,1516,degradation
1764762907234,59.59,5.57,224.77,1547,degradation
1764762908234,56.5,5.99,229.59,1547,degradation
1764762909234,42.29,5.58,230.59,1527,normal
1764762910234,45.75,3.43,229.75,1505,normal
1764762911234,64.22,6.41,229.08,1529,degradation
1764762912234,58.83,5.61,227.4,1538,degradation
1764762913234,53.72,6.81,226.52,1479,degradation
1764762914234,49.38,4.53,229.57,1507,normal
1764762915234,48.97,4.9,229.13,1523,normal
1764762916234,59.51,6.33,227.86,1526,degradation
1764762917234,59.69,6.72,230.14,1526,degradation
1764762918234,43.93,3.82,230.44,1537,normal
1764762919234,44.13,4.84,228.53,1491,normal
1764762920234,42.46,4.79,227.95,1489,normal
1764762921234,44.42,4.27,228.8,1514,normal
1764762922234,43.51,5.03,229.55,1543,normal
1764762923234,42.4,4.43,230.96,1502,normal
1764762924234,60.35,6.13,226.73,1566,degradation
1764762925234,44.97,4.4,229.32,1470,normal
1764762926234,56.01,7.09,228.71,1529,degradation
1764762927234,48.35,4.59,230.25,1474,normal
1764762928234,70.94,10.03,221.51,1575,failure
1764762929234,55.83,6.35,227.72,1535,degradation
1764762930234,42.08,3.98,228.95,1481,normal
1764762931234,44.08,4.13,229.53,1487,normal
1764762932234,60.78,7.68,227.4,1581,degradation
1764762933234,43.74,4.2,227.99,1504,normal
1764762934234,45.62,4.32,229.73,1515,normal
1764762935234,46.03,4.05,230.77,1498,normal
1764762936234,44.16,3.0,231.37,1518,normal
1764762937234,54.45,4.53,230.16,1475,normal
1764762938234,78.88,9.85,223.76,1607,failure
1764762939234,69.06,9.68,221.05,1631,failure
1764762940234,45.05,4.8,230.06,1518,normal
1764762941234,48.92,4.34,230.39,1472,normal
1764762942234,43.32,3.72,230.47,1505,normal
1764762943234,63.25,6.52,227.11,1529,degradation
1764762944234,59.62,6.77,222.46,1570,degradation
1764762945234,38.71,5.39,228.47,1488,normal
1764762946234,42.64,4.6,228.8,1520,normal
1764762947234,46.03,4.74,229.87,1477,normal
1764762948234,58.32,6.28,229.09,1534,degradation
1764762949234,44.63,4.63,228.21,1500,normal
1764762950234,82.07,9.55,218.5,1649,failure
1764762951234,55.17,6.21,226.1,1536,degradation
1764762952234,43.9,3.86,230.08,1474,normal
1764762953234,43.02,4.58,228.49,1497,normal
1764762954234,44.13,4.46,229.68,1493,normal
1764762955234,75.93,9.61,222.84,1648,failure
1764762956234,78.85,8.93,220.75,1659,failure
1764762957234,60.15,5.45,226.74,1569,degradation
1764762958234,49.7,5.25,229.76,1479,normal
1764762959234,64.88,7.95,230.61,1556,degradation
1764762960234,70.98,10.5,220.22,1655,failure
1764762961234,44.81,4.85,230.55,1528,normal
1764762962234,47.28,3.96,229.54,1502,normal
1764762963234,55.81,6.53,227.2,1524,degradation
1764762964234,73.22,12.6,225.67,1636,failure
1764762965234,45.5,4.68,229.2,1524,normal
1764762966234,41.35,4.59,231.24,1490,normal
1764762967234,48.15,3.96,229.4,1501,normal
1764762968234,43.76,5.56,230.84,1512,normal
1764762969234,46.58,5.03,231.36,1512,normal
1764762970234,54.46,4.63,228.51,1561,degradation
1764762971234,46.29,4.87,230.25,1466,normal
1764762972234,43.49,3.83,230.53,1520,normal
1764762973234,72.22,9.44,220.26,1624,failure
1764762974234,41.19,4.14,230.75,1497,normal
1764762975234,73.72,9.0,216.44,1615,failure
1764762976234,38.88,4.72,229.88,1510,normal
1764762977234,54.89,4.84,230.08,1568,degradation
1764762978234,42.09,4.96,229.66,1535,normal
1764762979234,55.12,4.52,229.93,1517,normal
1764762980234,56.93,7.49,229.22,1556,degradation
1764762981234,44.46,4.12,230.44,1508,normal
1764762982234,71.4,8.1,223.98,1630,failure
1764762983234,48.34,3.94,229.46,1512,normal
1764762984234,59.36,5.9,225.92,1555,degradation
1764762985234,43.65,4.66,229.93,1498,normal
1764762986234,55.66,6.33,231.09,1545,degradation
1764762987234,63.49,6.84,229.71,1638,degradation
1764762988234,48.84,4.18,229.13,1530,normal
1764762989234,45.52,4.62,230.13,1527,normal
1764762990234,51.88,6.49,227.23,1557,degradation
1764762991234,39.79,4.3,230.39,1532,normal
1764762992234,44.96,5.44,229.91,1500,normal
1764762993234,43.94,3.63,227.87,1472,normal
1764762994234,47.06,4.96,230.16,1462,normal
1764762995234,44.64,5.44,229.53,1483,normal
1764762996234,43.75,4.0,230.73,1496,normal
1764762997234,44.19,5.07,229.95,1499,normal
1764762998234,41.65,4.31,228.08,1486,normal
1764762999234,51.73,4.91,229.42,1495,normal
1764763000234,44.33,4.18,230.5,1481,normal
1764763001234,83.45,9.54,222.23,1642,failure
1764763002234,44.66,4.38,229.2,1530,normal
1764763003234,44.13,4.36,231.92,1481,normal
1764763004234,41.1,4.28,229.18,1516,normal
1764763005234,48.6,4.24,230.24,1511,normal
1764763006234,66.26,7.22,222.15,1626,failure
1764763007234,55.47,7.63,227.45,1517,degradation
1764763008234,60.64,5.34,228.63,1539,degradation
1764763009234,63.46,5.68,227.9,1593,degradation
1764763010234,58.84,6.79,229.93,1538,degradation
1764763011234,47.16,4.7,229.6,1524,normal
1764763012234,44.74,5.19,229.43,1477,normal
1764763013234,44.95,3.68,230.46,1475,normal
1764763014234,77.27,9.28,220.68,1604,failure
1764763015234,46.92,4.34,229.25,1491,normal
1764763016234,55.45,6.01,228.57,1541,degradation
1764763017234,40.09,4.44,231.14,1512,normal
1764763018234,42.53,5.14,230.11,1489,normal
1764763019234,65.06,7.63,217.52,1635,failure
1764763020234,40.51,5.04,229.17,1488,normal
1764763021234,45.16,4.62,229.89,1529,normal
1764763022234,56.07,6.0,230.93,1529,degradation
1764763023234,76.19,8.44,222.89,1619,failure
1764763024234,74.87,7.21,230.98,1600,failure
1764763025234,45.99,5.43,229.87,1507,normal
1764763026234,46.48,4.25,228.47,1516,normal
1764763027234,38.97,4.29,229.61,1531,normal
1764763028234,42.0,4.58,229.42,1509,normal
1764763029234,47.25,4.11,229.06,1518,normal
1764763030234,44.93,4.81,231.19,1467,normal
1764763031234,53.4,4.28,229.45,1538,degradation
1764763032234,44.48,4.53,230.85,1507,normal
1764763033234,47.38,4.42,230.09,1487,normal
1764763034234,44.06,5.02,229.48,1509,normal
1764763035234,41.06,4.44,229.58,1523,normal
1764763036234,46.43,4.87,230.63,1518,normal
1764763037234,74.36,8.92,221.95,1601,failure
1764763038234,41.67,4.89,231.09,1527,normal
1764763039234,51.92,4.31,231.09,1541,normal
1764763040234,49.38,4.02,230.63,1524,normal
1764763041234,81.0,9.28,215.48,1639,failure
1764763042234,53.8,4.21,231.31,1482,normal
1764763043234,86.46,9.53,215.25,1628,failure
1764763044234,53.02,5.52,227.59,1534,degradation
1764763045234,44.26,5.19,232.53,1516,normal
1764763046234,40.67,4.55,229.83,1478,normal
1764763047234,47.18,4.9,230.51,1476,normal
1764763048234,39.91,4.02,229.49,1514,normal
1764763049234,62.15,6.05,228.42,1590,degradation
1764763050234,42.54,4.15,230.07,1514,normal
1764763051234,44.11,5.12,231.15,1515,normal
1764763052234,76.22,10.57,221.94,1637,failure
1764763053234,41.09,4.65,230.6,1465,normal
1764763054234,49.72,4.77,228.51,1524,normal
1764763055234,61.89,6.38,227.59,1553,degradation
1764763056234,58.53,6.33,230.2,1550,degradation
1764763057234,57.15,5.73,228.52,1604,degradation
1764763058234,50.34,5.37,232.12,1556,degradation
1764763059234,48.85,4.68,229.51,1483,normal
1764763060234,44.98,5.98,230.45,1512,normal
1764763061234,53.1,4.46,231.23,1455,normal
1764763062234,44.28,4.42,229.55,1504,normal
1764763063234,61.6,7.92,225.63,1631,failure
1764763064234,76.13,10.0,217.68,1602,failure
1764763065234,60.44,6.29,226.31,1530,degradation
1764763066234,47.19,5.03,228.99,1495,normal
1764763067234,59.88,6.41,230.08,1524,degradation
1764763068234,51.59,7.28,232.9,1499,degradation
1764763069234,40.49,4.3,229.42,1493,normal
1764763070234,45.98,5.06,229.82,1482,normal
1764763071234,47.24,4.31,227.29,1498,normal
1764763072234,45.39,4.74,231.07,1509,normal
1764763073234,47.29,4.09,229.92,1492,normal
1764763074234,45.01,4.37,229.88,1499,normal
1764763075234,75.26,10.16,216.84,1626,failure
1764763076234,54.86,7.08,228.39,1544,degradation
1764763077234,43.79,3.92,230.46,1487,normal
1764763078234,45.44,4.46,229.28,1513,normal
1764763079234,56.31,5.98,229.13,1580,degradation
1764763080234,41.09,4.45,231.27,1503,normal
1764763081234,58.88,6.1,228.48,1567,degradation
1764763082234,44.03,4.72,231.08,1512,normal
1764763083234,43.43,4.15,229.26,1554,normal
1764763084234,49.42,6.08,229.01,1557,degradation
1764763085234,58.32,6.96,227.85,1540,degradation
1764763086234,83.29,9.23,220.46,1637,failure
1764763087234,53.85,5.63,227.76,1542,degradation
1764763088234,47.64,4.58,231.39,1483,normal
1764763089234,44.02,3.85,229.15,1518,normal
1764763090234,58.75,7.06,226.95,1538,degradation
1764763091234,37.47,4.64,229.9,1496,normal
1764763092234,42.78,5.4,229.68,1532,normal
1764763093234,59.69,5.34,225.44,1565,degradation
1764763094234,58.21,7.0,224.62,1549,degradation
1764763095234,44.63,4.91,230.43,1485,normal
1764763096234,51.24,4.68,231.18,1533,normal
1764763097234,40.97,4.48,229.25,1454,normal
1764763098234,39.65,4.4,228.58,1503,normal
1764763099234,78.46,8.23,216.21,1582,failure
1764763100234,60.86,5.79,227.86,1532,degradation
1764763101234,57.61,6.75,231.31,1558,degradation
1764763102234,39.08,4.21,228.7,1503,normal
1764763103234,44.29,4.31,228.73,1507,normal
1764763104234,58.39,7.51,231.38,1539,degradation
1764763105234,49.65,4.56,229.28,1525,normal
1764763106234,45.46,4.11,229.95,1514,normal
1764763107234,49.42,5.06,228.64,1527,normal
1764763108234,65.9,11.74,220.47,1631,failure
1764763109234,59.81,6.1,226.86,1558,degradation
1764763110234,37.28,5.31,229.99,1501,normal
1764763111234,45.93,4.54,230.73,1474,normal
1764763112234,53.13,7.35,227.17,1547,degradation
1764763113234,48.48,4.15,229.9,1495,normal
1764763114234,46.9,4.56,229.38,1499,normal
1764763115234,45.16,5.27,229.02,1513,normal
1764763116234,50.52,5.1,229.27,1505,normal
1764763117234,46.35,3.93,231.49,1468,normal
1764763118234,70.55,8.39,222.46,1570,failure
1764763119234,43.34,4.52,229.94,1500,normal
1764763120234,41.53,5.45,230.41,1506,normal
1764763121234,41.98,5.4,229.88,1499,normal
1764763122234,46.28,4.88,230.17,1523,normal
1764763123234,54.58,6.82,224.86,1612,degradation
1764763124234,43.91,4.24,229.32,1508,normal
1764763125234,59.37,5.63,226.8,1521,degradation
1764763126234,43.54,4.22,232.21,1513,normal
1764763127234,40.92,4.26,228.73,1513,normal
1764763128234,80.39,8.08,216.76,1550,failure
1764763129234,40.42,4.51,230.57,1505,normal
1764763130234,58.99,6.4,227.86,1550,degradation
1764763131234,42.36,5.82,229.83,1493,normal
1764763132234,46.13,4.39,228.53,1488,normal
1764763133234,58.06,6.63,227.29,1564,degradation
1764763134234,55.86,6.41,230.99,1547,degradation
1764763135234,40.36,4.21,232.84,1513,normal
1764763136234,56.59,5.91,228.41,1549,degradation
1764763137234,44.11,4.01,231.77,1503,normal
1764763138234,46.54,4.37,229.85,1472,normal
1764763139234,49.45,4.88,230.01,1511,normal
1764763140234,45.26,4.32,227.66,1537,normal
1764763141234,70.76,10.4,219.15,1615,failure
1764763142234,47.18,5.06,228.98,1490,normal
1764763143234,45.1,3.64,229.43,1500,normal
1764763144234,47.37,3.96,230.88,1468,normal
1764763145234,41.43,3.68,228.54,1482,normal
1764763146234,45.4,4.44,229.55,1490,normal
1764763147234,44.86,4.14,229.95,1509,normal
1764763148234,48.28,5.52,230.65,1472,normal
1764763149234,74.25,9.34,221.14,1694,failure
1764763150234,72.94,8.2,215.39,1603,failure
1764763151234,44.38,4.15,231.36,1506,normal
1764763152234,43.81,4.68,231.24,1484,normal
1764763153234,68.41,8.15,218.46,1613,failure
1764763154234,53.62,6.42,228.58,1575,degradation
1764763155234,67.95,9.45,222.59,1633,failure
1764763156234,43.15,5.29,228.58,1549,normal
1764763157234,78.2,8.48,222.29,1585,failure
1764763158234,49.18,5.24,230.8,1526,normal
1764763159234,46.71,4.04,229.63,1484,normal
1764763160234,45.33,4.0,230.19,1544,normal
1764763161234,40.16,3.39,229.76,1509,normal
1764763162234,58.01,6.3,227.14,1605,degradation
1764763163234,61.33,6.83,229.7,1562,degradation
1764763164234,74.01,9.08,214.59,1593,failure
1764763165234,41.51,4.79,229.46,1505,normal
1764763166234,47.33,4.92,231.09,1502,normal
1764763167234,46.02,4.18,229.47,1501,normal
1764763168234,48.77,4.59,230.77,1510,normal
1764763169234,77.99,10.39,218.82,1609,failure
1764763170234,44.84,4.35,231.41,1506,normal
1764763171234,44.69,4.72,228.97,1511,normal
1764763172234,44.42,5.03,231.1,1504,normal
1764763173234,45.78,5.22,230.09,1501,normal
1764763174234,45.43,4.09,231.41,1504,normal
1764763175234,66.42,8.22,219.67,1642,failure
1764763176234,65.27,8.56,217.44,1636,failure
1764763177234,57.7,6.23,229.24,1579,degradation
1764763178234,56.8,7.08,229.84,1571,degradation
1764763179234,42.87,4.63,230.76,1510,normal
1764763180234,43.99,4.14,229.35,1485,normal
1764763181234,58.96,6.06,228.36,1575,degradation
1764763182234,43.42,4.52,229.11,1492,normal
1764763183234,40.9,4.21,231.72,1506,normal
1764763184234,45.12,4.06,229.77,1531,normal
1764763185234,44.19,4.75,229.9,1507,normal
1764763186234,61.87,5.55,230.27,1521,degradation
1764763187234,46.24,5.21,229.57,1512,normal
1764763188234,50.12,4.53,228.2,1488,normal
1764763189234,45.54,4.67,229.9,1499,normal
1764763190234,46.16,4.4,229.2,1515,normal
1764763191234,58.58,6.12,228.88,1577,degradation
1764763192234,46.92,4.88,229.7,1496,normal
1764763193234,43.29,4.71,229.4,1526,normal
1764763194234,45.02,4.83,230.39,1465,normal
1764763195234,46.04,4.62,229.26,1485,normal
1764763196234,72.08,8.58,218.98,1639,failure
1764763197234,45.64,3.48,228.31,1493,normal
1764763198234,44.65,4.26,228.71,1502,normal
1764763199234,43.31,5.8,228.08,1473,normal
1764763200234,55.09,6.36,222.5,1534,degradation
1764763201234,76.88,8.78,224.08,1570,failure
1764763202234,44.7,4.18,231.04,1476,normal
1764763203234,44.83,4.89,228.96,1521,normal
1764763204234,47.78,4.32,229.37,1531,normal
1764763205234,73.24,9.17,217.47,1664,failure
1764763206234,43.9,4.45,229.46,1492,normal
1764763207234,52.78,4.48,230.16,1534,normal
1764763208234,48.44,3.96,230.38,1501,normal
1764763209234,40.31,4.65,229.48,1453,normal
1764763210234,74.6,9.61,215.04,1641,failure
1764763211234,45.61,3.45,229.82,1481,normal
1764763212234,45.52,4.96,228.78,1449,normal
1764763213234,46.6,3.44,229.57,1517,normal
1764763214234,51.3,6.94,227.5,1547,degradation
1764763215234,38.53,4.51,229.29,1483,normal
1764763216234,42.16,4.18,228.99,1526,normal
1764763217234,44.35,4.97,229.44,1540,normal
1764763218234,44.2,5.09,230.0,1522,normal
1764763219234,59.57,6.14,228.32,1536,degradation
1764763220234,82.29,8.96,218.45,1671,failure
1764763221234,45.55,4.13,232.02,1490,normal
1764763222234,47.17,3.85,229.3,1513,normal
1764763223234,48.12,5.11,229.94,1525,normal
1764763224234,61.38,6.58,229.46,1564,degradation
1764763225234,40.37,4.78,229.26,1468,normal
1764763226234,62.14,7.09,224.36,1532,degradation
1764763227234,56.45,6.61,229.64,1546,degradation
1764763228234,44.74,4.37,229.96,1495,normal
1764763229234,46.01,4.81,230.04,1503,normal
1764763230234,58.18,5.05,229.45,1566,degradation
1764763231234,48.39,4.64,229.38,1492,normal
1764763232234,44.84,3.8,231.24,1486,normal
1764763233234,82.53,8.98,220.0,1610,failure
1764763234234,46.58,5.38,231.67,1483,normal
1764763235234,50.84,4.95,228.86,1496,normal
1764763236234,83.51,9.35,224.43,1647,failure
1764763237234,45.9,3.74,229.65,1501,normal
1764763238234,42.67,4.08,229.69,1494,normal
1764763239234,48.61,5.11,233.2,1500,normal
1764763240234,42.77,4.46,231.03,1510,normal
1764763241234,51.37,7.5,227.73,1501,degradation
1764763242234,42.65,4.69,229.06,1487,normal
1764763243234,55.89,6.72,228.06,1540,degradation
1764763244234,49.67,4.28,230.8,1516,normal
1764763245234,42.65,4.32,229.64,1519,normal
1764763246234,50.61,5.44,230.08,1514,normal
1764763247234,46.29,3.88,228.14,1529,normal
1764763248234,50.38,7.79,227.25,1513,degradation
1764763249234,44.13,5.02,228.9,1482,normal
1764763250234,38.84,4.9,230.52,1499,normal
1764763251234,42.81,4.35,229.47,1486,normal
1764763252234,46.87,5.1,231.29,1507,normal
1764763253234,49.25,3.76,229.49,1504,normal
1764763254234,55.33,5.08,222.79,1537,degradation
1764763255234,42.86,4.0,228.68,1504,normal
1764763256234,57.4,6.5,232.22,1527,degradation
1764763257234,40.26,4.02,229.91,1508,normal
1764763258234,70.92,9.92,218.56,1606,failure
1764763259234,42.14,3.89,229.6,1512,normal
1764763260234,60.41,6.47,228.99,1600,degradation
1764763261234,40.63,3.87,227.27,1506,normal
1764763262234,44.27,5.06,229.87,1513,normal
1764763263234,41.59,4.38,227.13,1514,normal
1764763264234,41.16,4.47,230.32,1491,normal
1764763265234,60.23,5.91,227.87,1542,degradation
1764763266234,46.21,5.35,229.84,1498,normal
1764763267234,42.9,4.71,230.19,1486,normal
1764763268234,43.93,4.34,227.66,1509,normal
1764763269234,48.06,5.05,229.44,1526,normal
1764763270234,42.31,5.51,229.48,1503,normal
1764763271234,39.42,5.25,231.09,1500,normal
1764763272234,46.72,4.18,228.98,1501,normal
1764763273234,56.06,6.8,224.7,1560,degradation
1764763274234,54.66,6.31,230.44,1565,degradation
1764763275234,45.81,3.94,230.89,1517,normal
1764763276234,60.29,7.67,228.81,1603,degradation
1764763277234,78.12,9.65,221.75,1623,failure
1764763278234,59.45,6.94,226.95,1558,degradation
1764763279234,43.39,5.04,230.95,1494,normal
1764763280234,42.57,3.98,229.63,1529,normal
1764763281234,44.8,4.73,229.84,1501,normal
1764763282234,45.48,4.15,229.27,1485,normal
1764763283234,49.76,4.72,230.68,1472,normal
1764763284234,41.89,4.84,231.11,1500,normal
1764763285234,46.45,5.08,231.93,1495,normal
1764763286234,44.93,4.37,230.02,1483,normal
1764763287234,43.65,4.65,227.94,1555,normal
1764763288234,45.21,4.5,228.4,1491,normal
1764763289234,70.06,9.06,223.08,1626,failure
1764763290234,49.35,4.96,229.49,1506,normal
1764763291234,43.86,4.1,228.21,1497,normal
1764763292234,51.95,5.24,229.31,1550,degradation
1764763293234,42.56,4.5,230.31,1466,normal
1764763294234,46.85,4.47,229.63,1504,normal
1764763295234,46.92,4.29,229.38,1465,normal
1764763296234,79.02,9.53,221.37,1640,failure
1764763297234,47.62,4.21,230.54,1513,normal
1764763298234,46.01,4.82,230.56,1516,normal
1764763299234,49.26,5.21,229.54,1539,normal
1764763300234,43.59,3.97,227.47,1481,normal
1764763301234,48.34,4.61,230.14,1464,normal
1764763302234,38.38,4.29,230.22,1528,normal
1764763303234,46.14,3.86,231.61,1489,normal
1764763304234,76.19,10.95,225.09,1595,failure
1764763305234,59.58,6.42,230.02,1577,degradation
1764763306234,72.42,11.23,217.85,1630,failure
1764763307234,45.29,4.43,229.42,1476,normal
1764763308234,42.04,5.85,230.38,1518,normal
1764763309234,62.16,5.3,224.32,1566,degradation
1764763310234,56.92,7.02,226.37,1575,degradation
1764763311234,60.83,5.52,229.94,1546,degradation
1764763312234,85.57,10.96,217.29,1616,failure
1764763313234,71.82,11.14,221.28,1656,failure
1764763314234,43.59,4.53,229.38,1522,normal
1764763315234,43.34,4.89,230.17,1457,normal
1764763316234,67.67,9.84,216.32,1619,failure
1764763317234,48.96,4.99,230.98,1462,normal
1764763318234,46.34,3.41,229.71,1487,normal
1764763319234,42.54,4.93,230.05,1475,normal
1764763320234,61.34,6.09,228.15,1551,degradation
1764763321234,58.14,5.98,231.03,1570,degradation
1764763322234,75.92,8.87,215.86,1609,failure
1764763323234,80.47,11.32,221.36,1598,failure
1764763324234,44.76,4.3,230.21,1464,normal
1764763325234,49.33,4.15,230.23,1488,normal
1764763326234,78.01,9.51,216.42,1618,failure
1764763327234,42.59,4.02,230.03,1524,normal
1764763328234,49.73,5.08,230.89,1488,normal
1764763329234,48.24,4.75,230.85,1496,normal
1764763330234,40.81,4.65,230.39,1526,normal
1764763331234,56.03,6.38,231.65,1524,degradation
1764763332234,71.95,9.12,217.08,1628,failure
1764763333234,38.38,4.79,229.32,1491,normal
1764763334234,74.37,8.61,226.35,1557,failure
1764763335234,40.79,5.11,230.28,1486,normal
1764763336234,46.31,5.11,229.41,1522,normal
1764763337234,72.96,10.0,215.51,1637,failure
1764763338234,42.44,4.4,229.8,1495,normal
1764763339234,60.31,6.14,229.0,1578,degradation
1764763340234,73.78,8.96,216.17,1646,failure
1764763341234,55.75,7.34,225.93,1500,degradation
1764763342234,58.09,5.72,224.66,1573,degradation
1764763343234,63.42,6.59,226.59,1578,degradation
1764763344234,39.75,5.14,229.16,1486,normal
1764763345234,66.57,6.21,224.46,1536,degradation
1764763346234,46.82,4.66,227.72,1514,normal
1764763347234,55.35,6.64,227.66,1581,degradation
1764763348234,62.47,5.57,229.22,1558,degradation
1764763349234,56.58,8.34,227.12,1535,degradation
1764763350234,57.96,5.75,228.69,1534,degradation
1764763351234,42.98,5.4,231.95,1498,normal
1764763352234,43.6,5.6,228.89,1473,normal
1764763353234,49.24,4.56,229.91,1478,normal
1764763354234,48.44,4.68,227.97,1490,normal
1764763355234,42.79,4.83,229.05,1506,normal
1764763356234,46.99,4.28,229.01,1507,normal
1764763357234,48.67,4.83,230.82,1508,normal
1764763358234,42.79,4.9,228.49,1503,normal
1764763359234,51.25,4.34,230.52,1506,normal
1764763360234,43.53,5.1,229.97,1491,normal
1764763361234,47.07,5.35,232.09,1521,normal
1764763362234,47.62,5.65,230.1,1513,normal
1764763363234,61.53,5.76,227.12,1582,degradation
1764763364234,46.44,5.82,229.33,1506,normal
1764763365234,46.08,4.13,229.69,1481,normal
1764763366234,56.17,6.66,229.49,1562,degradation
1764763367234,46.62,4.92,230.37,1499,normal
1764763368234,42.3,4.67,230.54,1538,normal
1764763369234,47.82,4.76,229.75,1509,normal
1764763370234,62.84,6.74,230.77,1554,degradation
1764763371234,63.28,6.97,221.86,1533,degradation
1764763372234,43.22,4.55,229.1,1524,normal
1764763373234,51.14,6.45,227.74,1546,degradation
1764763374234,81.6,9.13,220.92,1612,failure
1764763375234,52.69,6.85,228.79,1569,degradation
1764763376234,74.03,9.88,217.05,1646,failure
1764763377234,47.24,4.75,229.95,1516,normal
1764763378234,45.5,4.08,229.33,1475,normal
1764763379234,47.3,5.04,230.51,1515,normal
1764763380234,45.29,4.44,229.96,1492,normal
1764763381234,44.89,4.21,232.11,1474,normal
1764763382234,48.32,4.42,228.77,1517,normal
1764763383234,63.48,6.83,225.31,1549,degradation
1764763384234,42.99,4.02,229.31,1487,normal
1764763385234,72.82,9.74,220.15,1580,failure
1764763386234,45.16,3.46,229.98,1500,normal
1764763387234,81.33,9.15,215.84,1690,failure
1764763388234,42.27,3.9,230.65,1542,normal
1764763389234,42.17,4.63,230.46,1521,normal
1764763390234,49.23,4.22,228.76,1540,normal
1764763391234,60.35,6.84,228.43,1541,degradation
1764763392234,61.62,7.28,230.03,1553,degradation
1764763393234,42.76,4.32,229.38,1526,normal
1764763394234,77.21,8.59,221.79,1618,failure
1764763395234,45.69,4.13,230.38,1489,normal
1764763396234,43.73,4.82,229.79,1486,normal
1764763397234,53.86,6.31,225.46,1572,degradation
1764763398234,46.59,4.53,228.35,1482,normal
1764763399234,46.92,4.46,228.3,1529,normal
1764763400234,45.14,4.65,228.64,1481,normal
1764763401234,44.45,4.16,230.33,1503,normal
1764763402234,73.73,9.75,220.91,1630,failure
1764763403234,43.0,4.77,229.96,1517,normal
1764763404234,45.39,4.01,231.94,1494,normal
1764763405234,76.34,8.64,224.45,1553,failure
1764763406234,62.22,6.75,228.44,1585,degradation
1764763407234,44.98,4.48,231.72,1505,normal
1764763408234,45.47,4.88,230.89,1491,normal
1764763409234,50.39,4.56,231.07,1499,normal
1764763410234,54.5,6.76,227.9,1562,degradation
1764763411234,60.14,6.16,227.87,1571,degradation
1764763412234,45.36,4.69,230.78,1514,normal
1764763413234,42.11,4.69,230.99,1483,normal
1764763414234,43.81,4.53,230.64,1525,normal
1764763415234,43.95,5.0,230.0,1497,normal
1764763416234,56.77,6.39,228.46,1556,degradation
1764763417234,43.12,3.89,229.65,1497,normal
1764763418234,48.22,4.34,231.38,1497,normal
1764763419234,41.32,4.44,228.27,1475,normal
1764763420234,67.61,10.27,220.49,1585,failure
1764763421234,44.16,4.83,230.54,1489,normal
1764763422234,66.33,6.59,233.59,1560,degradation
1764763423234,47.78,4.25,231.62,1521,normal
1764763424234,60.34,6.22,229.03,1519,degradation
1764763425234,41.1,3.32,230.21,1486,normal
1764763426234,43.89,4.65,230.26,1485,normal
1764763427234,54.88,6.68,228.03,1558,degradation
1764763428234,46.25,4.28,229.9,1510,normal
1764763429234,72.19,10.04,218.22,1602,failure
1764763430234,44.59,4.34,231.5,1511,normal
1764763431234,71.66,9.14,219.0,1650,failure
1764763432234,44.57,4.6,229.37,1488,normal
1764763433234,50.68,4.01,231.46,1514,normal
1764763434234,58.77,6.26,227.18,1530,degradation
1764763435234,89.61,8.86,220.38,1632,failure
1764763436234,71.0,8.53,222.26,1628,failure
1764763437234,49.23,4.96,229.65,1507,normal
1764763438234,54.48,7.28,225.27,1561,degradation
1764763439234,65.53,5.45,232.77,1542,degradation
1764763440234,52.7,6.73,227.79,1534,degradation
1764763441234,56.11,6.87,224.78,1529,degradation
1764763442234,43.58,4.13,229.06,1506,normal
1764763443234,42.59,4.4,228.79,1491,normal
1764763444234,40.9,3.77,228.03,1510,normal
1764763445234,41.63,4.62,230.25,1486,normal
1764763446234,60.99,7.43,227.2,1527,degradation
1764763447234,48.65,4.31,231.43,1496,normal
1764763448234,42.02,5.44,228.96,1519,normal
1764763449234,49.85,3.85,230.23,1502,normal
1764763450234,45.18,4.57,229.94,1475,normal
1764763451234,46.01,4.79,230.87,1496,normal
1764763452234,51.66,4.55,230.95,1504,normal
1764763453234,41.61,3.91,229.8,1501,normal
1764763454234,47.39,4.58,229.77,1506,normal
1764763455234,72.42,8.34,220.27,1601,failure
1764763456234,39.95,4.76,229.71,1470,normal
1764763457234,45.7,4.35,229.55,1501,normal
1764763458234,80.9,9.09,222.2,1662,failure
1764763459234,43.71,4.95,228.35,1494,normal
1764763460234,53.47,7.35,227.92,1476,degradation
1764763461234,72.93,9.0,214.95,1644,failure
1764763462234,57.55,5.8,228.51,1574,degradation
1764763463234,47.97,4.83,228.08,1506,normal
1764763464234,40.9,4.8,230.6,1491,normal
1764763465234,56.99,5.77,226.67,1567,degradation
1764763466234,42.43,4.45,230.76,1495,normal
1764763467234,79.19,9.99,221.58,1594,failure
1764763468234,54.98,7.85,226.8,1526,degradation
1764763469234,45.57,4.56,229.85,1509,normal
1764763470234,53.17,7.08,228.63,1540,degradation
1764763471234,76.47,8.43,216.77,1613,failure
1764763472234,47.27,4.97,231.27,1516,normal
1764763473234,48.06,3.81,228.09,1500,normal
1764763474234,77.26,10.46,216.99,1631,failure
1764763475234,41.54,4.54,232.16,1509,normal
1764763476234,69.15,6.6,215.67,1616,failure
1764763477234,61.68,6.28,228.47,1518,degradation
1764763478234,46.49,5.19,230.6,1505,normal
1764763479234,55.15,6.09,224.33,1562,degradation
1764763480234,43.07,4.86,230.52,1547,normal
1764763481234,38.55,4.98,229.3,1493,normal
1764763482234,80.1,10.39,215.62,1620,failure
1764763483234,58.24,7.17,230.67,1529,degradation
1764763484234,44.7,4.15,230.61,1506,normal
1764763485234,58.74,6.39,229.6,1520,degradation
1764763486234,44.93,4.13,228.71,1496,normal
1764763487234,43.59,3.71,231.3,1504,normal
1764763488234,52.63,6.03,228.97,1549,degradation
1764763489234,44.96,4.42,231.56,1461,normal
1764763490234,69.17,9.91,218.67,1638,failure
1764763491234,46.07,4.82,232.39,1515,normal
1764763492234,60.64,7.36,228.6,1609,degradation
1764763493234,55.39,5.07,226.67,1484,degradation
1764763494234,50.02,4.96,230.35,1511,normal
1764763495234,73.99,8.25,224.57,1599,failure
1764763496234,38.3,3.82,230.4,1514,normal
1764763497234,45.25,3.88,231.05,1528,normal
1764763498234,60.13,6.86,227.78,1567,degradation
1764763499234,72.97,8.81,214.35,1604,failure
1764763500234,47.75,4.12,229.56,1500,normal
1764763501234,44.09,4.57,230.5,1519,normal
1764763502234,47.28,5.57,228.93,1483,normal
1764763503234,61.42,7.1,213.86,1618,failure
1764763504234,45.93,4.38,231.08,1527,normal
1764763505234,59.84,8.09,218.66,1594,failure
1764763506234,43.71,4.41,231.0,1530,normal
1764763507234,42.12,4.17,230.27,1495,normal
1764763508234,49.45,4.37,229.8,1484,normal
1764763509234,39.49,4.45,231.98,1539,normal
1764763510234,41.68,4.12,230.98,1492,normal
1764763511234,51.63,4.49,227.97,1559,normal
1764763512234,60.69,5.7,228.77,1517,degradation
